Nazwa dokumentu;0;1;2;3;4;5;6;7;8;9;10;11;12;13;14;15;16;17;18;19;20;21;22;23;24;25;26
blogi/00101751.xml;32;68;38;24;20;13;6;6;7;6;13;0;0;5;0;0;0;0;0;0;0;0;0;0;0;0;0
wikipedia/00101426.xml;49;37;22;32;17;4;6;6;0;4;6;0;0;3;3;0;0;0;0;0;0;0;0;0;0;1;0
dap/00102375.xml;47;48;39;31;12;14;9;3;4;3;7;3;1;0;0;0;0;0;0;1;0;0;0;0;0;0;0
ustawy/00101931.xml;26;52;59;43;25;29;16;4;1;4;7;0;1;0;4;0;0;0;0;0;0;0;0;0;0;2;1
kap/00102090.xml;1;6;4;6;2;1;3;0;2;1;1;1;0;0;1;0;0;0;0;0;0;0;0;0;0;0;0
kap/00102406.xml;19;15;9;16;3;2;3;0;0;0;4;0;0;1;0;0;0;0;0;0;0;0;0;0;0;0;0
urzędowe/00102554.xml;6;29;25;27;21;10;13;4;1;9;3;0;0;2;1;0;0;0;0;0;0;0;0;0;0;0;0
kap/00102492.xml;9;11;6;8;3;5;2;1;0;1;0;0;0;0;1;0;0;0;0;0;0;0;0;0;0;0;0
kap/00102496.xml;3;4;3;1;1;0;0;1;0;0;0;0;0;0;2;0;0;0;0;0;0;0;0;0;0;0;0
popularno_naukowe_i_podręczniki/00102528.xml;14;39;43;46;34;16;19;5;6;5;9;3;2;2;0;0;1;0;0;0;0;0;0;0;0;0;0
kap/00102500.xml;15;32;25;30;7;5;14;5;6;7;8;0;2;0;0;0;0;0;0;1;0;0;0;0;0;0;0
wikipedia/00101204.xml;3;33;7;26;3;5;14;16;5;1;4;0;7;0;0;0;0;0;0;0;0;0;0;0;0;0;0
wikipedia/00101198.xml;3;9;3;3;1;1;0;0;2;0;1;0;0;2;0;0;0;0;0;0;3;0;0;0;0;0;0
blogi/00102246.xml;24;21;22;12;10;5;8;7;1;1;4;0;0;0;0;0;1;0;0;1;1;0;0;0;0;0;0
dap/00102382.xml;10;6;4;3;0;0;0;1;0;0;1;0;0;0;0;0;0;0;0;0;0;0;0;0;0;0;0
kap/00102064.xml;24;37;38;31;8;9;14;4;3;1;2;2;0;0;0;0;0;0;0;0;0;0;0;0;0;0;0
dialog/00102682.xml;7;17;42;11;14;6;1;0;0;1;14;0;0;2;0;0;0;0;0;0;0;0;0;0;0;0;0
wikipedia/00101218.xml;30;32;20;11;17;15;14;3;1;2;8;0;1;0;0;0;0;0;0;0;1;0;0;0;0;0;0
kap/00102105.xml;3;3;4;1;2;1;0;0;0;0;0;0;0;0;0;0;0;0;0;0;0;0;0;0;0;0;0
proza_dawna/00102177.xml;12;40;33;12;12;6;4;8;7;6;7;2;2;5;4;0;1;0;0;2;0;0;0;0;0;0;0
dap/00102018.xml;31;28;42;29;23;19;8;2;1;1;7;0;1;0;0;0;0;0;0;0;0;0;0;0;0;0;0
wikipedia/00101188.xml;22;18;6;6;4;10;0;1;0;0;1;0;0;0;0;0;0;0;0;0;0;0;0;0;0;0;1
kap/00102457.xml;5;3;5;1;2;0;1;0;0;0;0;0;0;0;0;0;0;0;0;0;0;0;0;0;0;0;0
stenogramy/00101661.xml;33;68;44;45;14;16;16;7;6;4;10;2;0;0;0;0;0;0;0;0;0;1;0;1;0;0;0
kap/00102508.xml;18;21;21;6;14;7;5;0;7;5;2;0;0;0;1;0;0;0;0;0;0;0;0;0;0;1;0
wikipedia/00101182.xml;49;46;18;21;19;6;5;6;1;2;8;0;1;1;2;0;0;0;0;0;2;0;0;0;0;0;0
kap/00102055.xml;17;31;22;19;4;8;4;2;2;2;5;0;0;3;1;0;0;0;0;0;0;0;0;0;0;0;0
stenogramy/00101526.xml;16;66;43;23;22;17;15;4;4;1;20;1;0;1;2;0;0;0;0;0;0;0;1;0;0;0;0
wikipedia/00101356.xml;11;30;20;15;8;4;3;0;3;0;0;0;0;1;0;0;0;0;0;0;0;0;0;0;0;0;0
kap/00102062.xml;8;18;24;13;11;4;4;0;4;0;1;1;0;0;0;0;0;0;0;0;0;0;0;0;0;0;0
wikipedia/00101350.xml;8;23;7;6;5;8;7;2;2;1;3;1;0;0;0;0;0;0;0;0;0;0;0;0;0;0;0
kap/00101877.xml;15;50;20;34;21;8;9;3;2;6;6;3;2;2;0;0;0;2;0;0;0;0;0;0;0;0;0
wikipedia/00101307.xml;42;27;19;30;9;1;3;2;0;0;3;0;0;0;3;0;0;0;0;0;1;0;0;0;0;0;0
dialog/00102708.xml;10;2;11;6;3;6;8;3;0;0;6;0;0;2;0;0;0;0;0;0;1;0;0;0;0;0;0
kap/00102094.xml;5;15;5;5;1;7;1;6;1;0;1;0;1;0;0;0;0;0;0;0;0;0;0;0;0;0;0
popularno_naukowe_i_podręczniki/00102519.xml;18;56;33;18;29;17;15;5;4;3;10;2;0;0;0;0;0;1;0;0;0;0;0;0;0;0;0
proza_dawna/00101575.xml;38;26;49;21;9;4;8;4;10;0;6;0;2;1;2;0;1;0;0;2;1;1;0;0;0;0;0
wikipedia/00101371.xml;8;3;10;3;0;0;0;1;0;1;1;0;0;0;0;0;0;0;0;0;0;0;0;0;0;0;0
kap/00102405.xml;11;27;21;14;10;9;3;2;1;1;2;1;2;1;1;0;0;0;0;0;0;0;0;0;0;0;0
wikipedia/00100524.xml;29;42;17;7;8;3;2;1;3;1;3;0;0;0;0;0;0;0;1;0;0;0;0;0;0;0;0
dialog/00102718.xml;5;14;12;16;9;14;2;0;3;0;8;0;0;2;2;0;0;0;0;0;0;0;0;0;0;0;0
kap/00101883.xml;39;16;17;10;10;14;3;4;9;4;2;0;0;0;1;0;1;0;0;0;0;0;0;0;0;0;0
popularno_naukowe_i_podręczniki/00101892.xml;26;38;29;37;15;8;6;3;0;24;20;0;0;0;0;0;0;0;0;0;0;0;0;0;0;0;0
wikipedia/00100505.xml;12;7;4;8;5;3;2;0;1;3;1;0;0;0;0;0;1;0;0;0;0;0;0;0;0;0;0
ustawy/00101733.xml;50;68;27;30;20;24;6;2;0;4;3;6;0;0;0;0;1;1;0;0;0;0;0;0;0;0;0
urzędowe/00102564.xml;18;54;41;44;22;29;9;2;14;1;5;0;0;0;0;0;0;0;0;0;0;0;0;0;0;0;0
wikipedia/00101191.xml;34;24;26;32;13;28;13;9;4;6;7;0;1;0;0;0;0;0;0;0;0;0;0;0;0;0;0
urzędowe/00102560.xml;37;30;38;38;17;11;4;1;1;5;2;0;0;0;0;0;0;1;0;0;0;0;0;0;0;0;0
wikipedia/00100512.xml;41;19;13;13;6;3;3;1;0;4;6;0;4;1;1;0;0;0;1;0;0;0;0;0;0;0;0
popularno_naukowe_i_podręczniki/00101903.xml;10;13;12;14;4;0;4;5;1;0;6;5;0;0;0;0;0;1;0;0;0;0;0;0;0;0;0
dap/00102029.xml;27;44;40;52;18;25;13;8;1;1;11;0;0;1;1;0;0;0;0;0;0;0;0;1;0;0;0
wikipedia/00101327.xml;12;7;2;3;2;1;1;0;0;1;0;0;0;0;0;0;0;0;0;0;0;0;0;0;0;0;0
kap/00102101.xml;29;21;14;8;3;4;2;1;0;0;2;0;2;0;3;0;0;0;0;0;0;0;0;0;0;0;0
wikipedia/00101296.xml;5;9;11;18;4;5;16;6;1;1;4;3;1;0;0;0;0;0;0;0;0;0;0;0;0;0;0
dialog/00102676.xml;3;12;19;10;3;3;3;0;2;0;5;0;0;2;1;0;0;0;0;0;0;0;0;0;0;0;0
wikipedia/00100514.xml;27;12;7;8;6;0;3;0;2;0;2;0;0;0;2;0;0;0;0;0;0;0;0;0;0;0;0
stenogramy/00101680.xml;10;59;36;26;9;15;8;0;4;5;10;0;1;0;2;0;0;0;0;0;0;0;0;0;0;0;0
popularno_naukowe_i_podręczniki/00102515.xml;22;40;15;23;17;10;3;2;2;0;9;3;0;0;0;0;1;0;0;0;0;0;0;0;0;0;0
popularno_naukowe_i_podręczniki/00100632.xml;34;67;56;64;26;19;12;17;10;6;17;4;2;4;3;0;0;0;0;1;0;0;0;1;0;0;0
dap/00102049.xml;9;47;18;21;12;4;6;2;4;2;1;1;0;0;1;0;0;0;0;0;0;0;0;0;0;0;0
blogi/00101757.xml;22;26;38;16;10;8;11;9;4;2;5;1;1;1;3;0;0;0;0;1;0;0;0;0;0;0;0
dap/00102397.xml;26;53;27;22;42;12;6;2;2;3;4;8;2;0;0;0;1;0;0;0;0;0;0;0;0;0;0
blogi/00100610.xml;34;49;39;42;13;12;14;4;2;4;5;1;0;1;0;0;3;0;0;0;0;0;0;0;0;1;0
stenogramy/00101531.xml;13;72;63;36;25;17;16;7;3;0;6;2;1;0;1;0;0;0;0;1;0;0;0;0;0;0;0
kap/00102479.xml;11;17;18;11;7;9;5;2;2;0;5;0;2;0;0;0;0;0;0;0;0;0;0;0;0;1;1
stenogramy/00101670.xml;31;35;38;38;18;13;8;11;3;5;11;0;2;0;1;0;0;0;0;0;0;0;0;0;0;0;0
wikipedia/00101172.xml;5;22;19;16;3;5;1;1;11;4;3;0;1;0;0;0;2;0;0;0;0;0;0;0;0;0;0
dap/00101788.xml;26;48;32;30;17;11;9;8;0;2;18;1;2;0;3;0;0;0;0;0;0;0;0;0;0;0;0
ustawy/00102217.xml;35;45;58;44;16;18;9;3;0;15;4;0;2;0;0;0;0;0;0;0;0;0;0;0;0;0;0
wikipedia/00101427.xml;27;25;24;7;13;10;7;1;1;4;6;0;0;1;0;0;0;0;0;0;1;1;0;0;0;0;0
blogi/00101976.xml;15;21;35;28;14;8;5;3;1;0;5;3;5;4;0;0;1;0;0;0;0;0;0;0;0;0;0
wikipedia/00101273.xml;4;20;8;14;10;3;3;3;3;1;1;0;0;0;0;0;0;0;0;0;0;0;0;0;0;0;0
wikipedia/00101289.xml;45;22;21;11;6;4;3;1;0;1;1;0;0;0;1;0;0;0;0;0;0;0;0;0;0;0;0
urzędowe/00101912.xml;22;58;28;22;13;8;5;6;1;4;6;0;0;0;0;0;0;0;0;0;0;0;0;2;0;0;0
wikipedia/00101287.xml;13;9;0;7;3;0;0;0;0;0;3;0;0;0;1;0;0;0;0;0;0;0;0;0;0;0;0
wikipedia/00101170.xml;14;53;24;25;16;4;6;5;3;2;3;0;0;0;2;0;1;1;0;0;1;0;0;0;0;1;0
stenogramy/00101664.xml;35;62;28;36;14;28;14;11;5;1;5;2;2;2;0;0;0;0;1;0;0;0;0;0;0;0;1
kap/00102118.xml;56;27;21;8;11;4;6;1;13;7;4;0;2;0;0;0;1;0;0;1;0;0;0;1;0;0;0
wikipedia/00101318.xml;26;25;16;14;12;13;5;2;2;3;0;0;0;0;0;0;0;0;0;0;0;0;0;0;0;0;0
dap/00102352.xml;7;23;10;12;6;4;4;3;0;3;2;0;0;0;0;0;0;0;0;0;0;0;0;0;0;0;0
blogi/00102003.xml;37;48;40;23;15;20;7;5;3;4;20;8;1;0;2;0;0;0;0;0;0;0;0;0;0;0;0
ustawy/00101725.xml;47;45;45;44;19;31;3;2;2;1;1;0;0;0;0;0;0;0;0;0;0;0;0;0;0;0;0
kap/00101863.xml;1;12;4;1;0;1;3;0;0;0;0;0;0;1;1;0;0;0;0;0;0;0;0;0;0;0;0
proza_dawna/00101561.xml;20;45;38;35;8;12;10;8;2;1;11;2;0;2;0;0;0;0;0;0;0;1;0;0;0;1;0
wikipedia/00101323.xml;2;30;2;3;2;6;10;1;1;2;0;0;0;0;0;0;0;0;0;0;0;0;0;0;0;0;0
kap/00102438.xml;8;3;4;3;0;5;1;0;0;0;1;0;0;0;0;0;0;0;0;0;0;0;0;0;0;0;0
wikipedia/00101319.xml;35;57;40;24;27;13;12;3;4;9;10;0;1;0;1;0;0;0;0;0;0;0;0;0;0;0;0
wikipedia/00101190.xml;19;22;7;11;3;3;0;2;1;0;1;0;1;0;0;0;0;0;0;0;0;0;0;0;0;0;0
kap/00102470.xml;4;12;5;5;3;4;1;0;1;0;2;0;0;0;1;0;0;0;0;1;0;0;0;0;0;0;0
kap/00102442.xml;14;22;17;15;5;8;0;3;3;0;2;0;0;2;1;0;0;0;0;0;0;0;0;0;0;0;0
popularno_naukowe_i_podręczniki/00102153.xml;10;15;8;18;5;8;2;1;1;3;2;1;0;0;0;0;0;0;0;0;0;0;0;0;0;0;0
wikipedia/00101290.xml;24;12;5;7;0;6;5;2;0;3;1;1;0;0;1;0;0;0;0;0;0;0;0;0;0;1;0
dap/00101819.xml;25;31;31;10;28;9;12;5;4;2;10;1;0;0;0;0;0;0;0;0;0;0;0;0;0;0;1
ustawy/00102228.xml;17;59;31;18;12;8;3;14;1;3;1;0;0;2;0;0;0;0;0;0;0;0;0;0;0;0;0
proza_dawna/00101564.xml;9;51;41;25;6;13;4;6;8;1;9;1;6;1;2;1;1;0;0;0;0;1;0;0;0;1;0
kap/00102082.xml;11;31;12;12;11;5;2;5;4;7;3;1;0;3;0;0;0;0;0;0;0;0;0;0;0;0;0
blogi/00101740.xml;22;49;35;40;22;10;10;8;14;5;3;0;1;1;0;0;0;0;1;1;0;0;0;0;0;0;0
wikipedia/00101455.xml;15;26;3;0;1;0;0;7;7;7;0;0;0;0;0;7;0;0;0;0;0;0;0;0;0;0;0
kap/00102092.xml;6;4;1;5;2;1;0;3;1;0;0;2;0;0;0;0;0;0;0;0;0;0;0;0;0;0;0
wikipedia/00101196.xml;15;17;15;14;4;0;5;0;0;1;7;0;0;0;0;0;0;0;0;0;0;0;0;0;0;0;0
proza_dawna/00102195.xml;19;42;46;37;10;7;12;7;7;5;3;4;2;1;8;0;1;0;0;0;0;0;0;0;0;0;0
dap/00102394.xml;33;47;44;24;16;14;2;13;5;5;10;1;0;2;1;0;0;0;0;1;0;0;0;0;0;0;0
proza_dawna/00101613.xml;20;42;34;24;16;11;5;5;4;3;9;0;3;1;2;0;0;0;0;1;0;2;0;0;0;0;0
wikipedia/00101458.xml;12;21;10;6;6;2;3;3;1;1;0;0;1;0;0;0;0;0;0;0;0;0;0;0;0;0;0
proza_dawna/00100642.xml;37;58;34;27;14;9;11;5;8;1;21;2;1;0;2;0;1;0;0;3;0;0;0;0;0;0;0
dap/00101816.xml;12;60;38;33;18;9;9;6;4;4;10;0;0;1;0;0;0;0;0;0;0;0;0;0;0;0;0
proza_dawna/00102181.xml;27;60;52;16;16;10;7;6;7;3;7;2;0;0;1;0;0;1;0;2;0;0;0;0;0;1;0
wikipedia/00101223.xml;30;36;29;16;18;8;13;11;2;3;5;1;0;0;0;0;0;0;0;0;0;0;0;0;0;0;0
stenogramy/00101593.xml;18;65;54;20;17;11;3;4;3;5;3;1;1;0;1;0;0;0;0;1;0;0;1;0;0;0;0
dialog/00102670.xml;11;49;35;14;9;15;1;1;5;0;14;0;0;0;1;0;0;0;0;1;0;2;0;0;0;0;0
blogi/00100611.xml;27;26;23;20;2;8;9;1;3;2;4;0;0;0;0;0;0;0;0;1;0;0;0;0;0;0;0
wikipedia/00101438.xml;4;22;7;7;3;2;4;2;1;3;0;0;1;1;0;0;0;0;0;0;0;0;0;0;0;0;0
dap/00101801.xml;28;53;44;18;18;8;9;4;5;5;9;5;0;0;0;0;0;0;0;0;0;0;0;0;0;1;0
dap/00102362.xml;37;41;37;28;10;7;18;6;3;2;3;3;1;0;0;0;0;0;0;0;0;0;0;0;0;0;0
proza_dawna/00101569.xml;8;52;66;22;20;22;20;13;5;2;7;2;2;4;6;1;0;0;0;5;0;0;0;0;0;0;0
wikipedia/00101326.xml;22;28;13;8;8;4;3;5;1;2;4;0;0;0;0;0;0;0;0;0;0;0;0;0;0;0;0
wikipedia/00101344.xml;42;47;25;28;18;6;6;3;3;3;12;2;0;0;0;0;0;0;0;0;0;0;0;0;0;0;0
urzędowe/00102166.xml;24;15;13;19;10;2;5;2;2;1;3;0;2;0;0;0;0;0;0;0;0;0;0;0;0;0;0
wikipedia/00099883.xml;20;11;3;6;4;1;3;3;0;1;0;2;0;0;1;0;0;0;0;0;0;0;0;0;0;0;0
dap/00102034.xml;25;56;48;32;14;14;11;6;5;3;6;1;3;3;0;0;0;0;0;0;0;0;0;0;0;0;0
wikipedia/00101247.xml;173;134;39;15;9;8;12;0;0;2;1;2;0;0;1;0;0;0;0;0;0;0;0;1;0;0;0
popularno_naukowe_i_podręczniki/00102518.xml;18;13;13;8;5;4;2;4;1;0;1;0;0;0;0;0;0;0;0;0;0;0;0;0;0;0;0
wikipedia/00101422.xml;34;28;18;11;6;11;2;2;1;5;3;0;3;0;0;0;3;0;0;0;0;0;0;0;0;0;0
urzędowe/00102556.xml;21;33;26;21;9;9;13;6;5;0;2;3;0;0;0;0;0;0;0;0;0;0;0;0;0;0;0
blogi/00102302.xml;18;19;19;11;3;4;5;4;3;4;8;0;2;2;1;0;0;0;0;0;0;0;0;0;0;0;0
kap/00102423.xml;13;16;19;11;14;15;0;3;0;0;5;0;1;2;0;0;0;0;0;0;0;0;0;0;0;0;0
wikipedia/00101477.xml;4;19;8;5;3;2;2;3;0;2;1;0;0;0;0;0;0;0;0;0;0;0;0;0;0;0;0
popularno_naukowe_i_podręczniki/00102517.xml;15;60;46;29;37;20;12;5;7;6;9;0;0;0;0;0;1;0;0;1;0;0;0;0;0;0;0
wikipedia/00101421.xml;6;4;1;0;2;0;1;1;0;0;0;0;0;0;0;0;0;0;0;0;0;0;0;0;0;0;0
kap/00102409.xml;20;24;29;18;7;6;7;2;0;3;7;2;0;0;0;0;0;0;0;0;0;0;0;0;0;0;1
wikipedia/00101463.xml;59;50;44;32;11;12;12;5;2;15;8;0;0;1;0;0;2;0;0;1;0;0;0;0;0;0;1
ustawy/00102233.xml;66;56;22;40;20;12;4;1;2;6;0;1;0;0;0;0;0;0;0;0;0;0;0;0;0;0;0
proza_dawna/00101565.xml;26;74;42;28;25;10;11;9;6;8;13;1;5;0;0;0;2;0;0;0;1;0;0;0;0;0;0
wikipedia/00100500.xml;22;16;10;8;14;3;1;1;1;1;2;0;0;0;1;0;1;0;0;0;0;0;0;0;0;0;0
wikipedia/00101316.xml;57;59;30;41;13;11;9;7;2;3;9;3;0;0;0;0;2;0;0;0;0;0;0;0;0;0;0
proza_dawna/00102176.xml;13;45;46;36;13;17;10;6;9;11;7;4;3;0;4;0;0;0;0;1;1;0;0;0;0;0;0
dap/00102368.xml;23;73;37;18;16;8;6;8;1;4;6;4;0;2;0;0;0;0;0;0;0;0;0;0;0;0;0
blogi/00102256.xml;24;34;28;23;10;12;5;2;1;2;3;1;2;0;0;0;0;1;0;0;0;0;0;0;0;0;1
popularno_naukowe_i_podręczniki/00102149.xml;16;28;35;16;25;12;5;0;1;3;4;0;1;0;0;0;0;0;0;0;1;0;0;0;0;0;0
wikipedia/00101189.xml;79;51;31;34;17;9;8;7;1;7;2;1;1;1;3;0;0;0;0;0;1;0;0;0;0;0;0
wikipedia/00101412.xml;5;3;2;2;1;1;1;1;2;0;0;0;0;0;0;0;0;0;0;0;0;0;0;0;0;0;0
wikipedia/00101340.xml;13;6;3;2;2;1;2;2;1;0;1;0;0;0;0;0;0;0;0;0;0;0;0;0;0;0;0
kap/00101872.xml;6;25;9;14;5;5;0;1;2;1;2;0;0;0;0;0;0;0;0;0;0;0;0;0;0;0;0
dap/00102354.xml;44;65;53;21;20;10;4;6;6;3;5;1;0;0;0;0;1;0;0;0;0;0;0;0;0;0;0
wikipedia/00100523.xml;24;30;26;17;5;5;11;1;3;5;0;0;2;0;1;0;0;0;0;0;0;0;0;0;0;0;0
wikipedia/00100540.xml;30;45;22;14;9;9;5;5;3;2;1;0;0;0;0;0;0;0;0;0;0;0;0;0;0;0;0
wikipedia/00101332.xml;8;7;2;9;0;0;0;6;0;0;1;1;0;1;0;0;0;0;0;0;0;0;0;0;0;0;0
wikipedia/00101193.xml;4;4;2;2;0;1;0;0;1;0;0;0;0;0;0;0;0;0;0;0;0;0;0;0;0;0;0
wikipedia/00101302.xml;29;11;8;6;2;2;0;0;5;0;3;1;0;0;0;0;0;0;0;0;0;0;0;0;0;0;0
wikipedia/00101336.xml;4;20;16;45;4;9;4;1;0;1;6;1;0;0;0;0;2;0;0;0;0;0;0;0;0;0;0
kap/00102511.xml;30;19;13;6;4;2;7;1;1;5;0;0;0;0;0;0;0;0;0;0;0;0;0;0;0;0;0
kap/00101876.xml;22;31;21;11;19;5;3;2;1;3;2;1;0;0;0;0;1;0;0;0;0;0;0;0;0;0;0
ustawy/00101720.xml;31;58;24;39;27;7;26;1;1;3;5;1;0;0;1;0;1;0;0;0;0;0;0;0;0;0;0
kap/00101842.xml;11;22;9;7;12;9;4;1;1;0;9;1;0;0;0;0;0;0;0;0;0;0;0;0;0;0;0
proza_dawna/00101615.xml;17;67;45;39;17;17;6;7;5;1;14;1;2;0;4;0;0;0;0;2;2;0;0;0;0;0;2
ustawy/00102216.xml;25;79;28;20;8;18;27;19;15;4;5;1;1;0;0;0;0;0;0;0;0;0;0;0;0;0;0
popularno_naukowe_i_podręczniki/00102541.xml;4;10;5;4;10;4;3;0;1;1;3;0;0;0;6;0;0;0;0;0;0;0;0;0;0;0;0
wikipedia/00101219.xml;16;19;12;5;4;3;1;1;0;0;1;1;1;0;0;0;0;0;0;0;0;0;0;0;0;0;0
kap/00100623.xml;6;25;11;9;7;7;5;0;0;6;5;0;0;0;0;0;0;0;0;0;0;0;0;0;0;0;0
wikipedia/00101224.xml;44;43;25;19;11;7;4;3;0;1;3;0;0;0;0;0;0;0;0;0;0;0;0;0;0;0;0
wikipedia/00101388.xml;5;6;4;3;2;1;0;0;0;0;0;0;0;0;0;0;0;0;0;0;0;0;0;0;0;0;0
kap/00102493.xml;3;15;4;2;0;2;2;0;0;2;2;0;0;0;0;0;0;0;0;0;0;1;0;0;0;0;0
ustawy/00101948.xml;86;30;24;18;10;4;8;2;1;1;2;0;0;0;0;0;0;0;0;0;0;0;0;0;0;0;0
blogi/00102301.xml;28;38;33;26;7;20;9;8;9;0;2;2;0;1;6;0;1;0;0;0;0;0;0;0;0;0;0
popularno_naukowe_i_podręczniki/00102551.xml;10;67;55;23;36;12;15;5;20;5;18;3;0;3;1;0;0;0;0;0;0;0;0;0;0;0;0
ustawy/00101951.xml;62;50;18;16;7;20;15;1;1;0;4;0;0;0;0;0;0;0;0;0;0;0;0;0;0;0;0
wikipedia/00101259.xml;16;7;5;7;3;2;2;2;2;0;1;1;0;0;0;0;0;0;0;0;1;0;0;0;0;0;0
kap/00102436.xml;8;15;7;13;7;2;5;1;3;1;5;1;1;2;0;0;0;0;0;0;0;0;0;0;0;0;0
kap/00101703.xml;14;22;9;10;5;3;4;2;2;1;3;0;1;0;0;0;0;0;0;0;0;0;0;0;0;0;0
wikipedia/00101297.xml;12;13;3;6;0;0;1;3;2;0;1;0;1;0;0;0;0;0;0;0;0;0;0;0;0;0;0
blogi/00101754.xml;23;26;47;26;15;20;9;8;2;1;6;1;2;1;0;0;0;0;0;1;0;0;0;0;1;0;0
wikipedia/00100517.xml;16;63;20;46;27;14;21;5;6;2;2;0;0;0;0;0;1;0;0;0;0;0;0;0;0;0;0
stenogramy/00101652.xml;13;67;48;11;15;27;10;1;6;1;8;0;1;1;1;0;0;0;0;1;0;0;0;0;0;0;0
kap/00102112.xml;5;6;12;4;4;4;0;1;3;1;3;0;0;0;0;0;0;0;0;0;0;0;0;0;0;0;0
kap/00100621.xml;4;12;17;4;3;2;1;0;0;0;3;1;0;0;0;0;0;0;0;0;0;0;0;0;0;0;0
kap/00102485.xml;5;8;2;2;3;4;1;1;0;0;0;0;0;1;0;0;0;0;0;0;0;0;0;0;0;0;0
blogi/00102265.xml;37;48;45;24;14;10;6;3;2;4;12;2;2;0;1;0;0;0;0;0;0;1;0;0;0;0;0
wikipedia/00101382.xml;40;67;41;30;28;10;11;8;8;5;4;1;4;0;2;1;1;1;0;0;3;0;0;0;0;0;0
wikipedia/00101342.xml;3;9;4;5;2;2;2;0;3;0;1;0;0;0;0;0;0;0;0;0;0;0;0;0;0;0;0
proza_dawna/00102199.xml;82;30;19;14;8;6;3;7;1;1;4;0;2;1;0;0;0;0;0;1;0;0;0;0;0;0;0
wikipedia/00101505.xml;8;17;5;5;4;1;4;2;1;3;1;0;0;0;0;0;0;0;0;0;0;0;0;0;0;0;0
stenogramy/00101671.xml;25;67;44;31;19;15;10;6;5;4;7;3;2;1;0;0;0;0;1;0;0;0;0;0;0;0;0
dialog/00102695.xml;1;8;17;6;5;3;4;1;3;2;6;0;0;2;0;0;0;0;0;0;0;0;0;0;0;0;0
proza_dawna/00101555.xml;13;49;45;31;16;11;11;6;4;6;10;0;2;0;2;1;1;0;0;0;0;0;0;0;0;0;0
wikipedia/00101225.xml;13;8;18;6;5;7;6;8;1;3;0;0;6;0;0;1;0;0;0;0;0;0;0;0;0;0;0
wikipedia/00101242.xml;6;17;4;5;1;2;1;0;0;1;1;0;0;0;0;0;1;0;0;0;0;0;0;0;0;0;0
wikipedia/00101186.xml;45;24;12;15;17;8;1;2;0;2;2;1;1;0;0;0;0;0;0;0;0;0;0;0;0;0;0
kap/00102126.xml;53;18;11;11;4;2;7;2;7;7;3;0;1;0;3;0;1;0;0;0;0;0;0;0;0;0;0
popularno_naukowe_i_podręczniki/00102531.xml;9;21;7;10;8;3;11;2;1;3;2;0;0;0;0;0;1;0;0;0;0;0;0;0;0;0;0
wikipedia/00101281.xml;15;74;40;29;7;5;5;7;5;1;11;0;0;1;0;1;1;1;0;0;0;0;0;0;0;0;0
wikipedia/00100519.xml;18;26;21;17;8;8;5;5;2;2;5;0;0;0;0;0;0;0;0;0;0;0;0;0;0;0;0
ustawy/00102605.xml;57;68;27;21;44;22;7;1;5;1;2;2;1;0;0;0;0;0;0;0;0;0;0;3;0;0;0
wikipedia/00101446.xml;15;31;18;18;6;8;4;2;1;0;2;0;0;0;0;0;0;0;0;0;0;0;0;0;0;0;0
stenogramy/00101674.xml;20;41;40;32;22;14;19;4;5;2;9;2;3;0;5;0;0;0;0;0;0;0;0;0;0;0;0
kap/00102476.xml;6;6;5;3;3;0;1;1;1;0;0;0;0;0;0;0;0;0;0;0;0;0;0;0;0;0;0
proza_dawna/00101514.xml;11;41;52;33;21;12;14;9;14;4;7;2;2;4;3;1;0;1;0;5;0;0;0;0;0;0;0
popularno_naukowe_i_podręczniki/00101507.xml;24;26;16;20;9;9;3;4;3;8;7;0;0;0;0;0;0;0;0;0;0;0;0;0;0;0;0
wikipedia/00101377.xml;155;94;47;25;25;16;16;3;5;6;9;1;0;0;0;0;1;0;0;0;1;0;0;0;0;0;0
kap/00102091.xml;2;3;2;1;3;1;1;3;1;1;1;0;0;0;0;0;0;0;1;0;0;0;0;0;0;0;0
kap/00102117.xml;10;4;4;5;10;5;3;1;0;5;1;0;1;0;0;0;0;0;0;0;0;0;0;0;0;0;0
stenogramy/00101655.xml;12;55;64;14;12;10;13;2;8;0;14;2;3;0;2;0;0;0;0;0;0;1;0;0;0;0;0
urzędowe/00102555.xml;43;33;14;19;22;5;11;21;3;6;1;0;0;0;0;0;0;0;0;0;0;0;0;0;0;0;0
techniczne/00101541.xml;45;57;50;21;16;9;7;9;4;1;7;0;1;0;0;0;0;0;0;0;0;0;0;0;0;0;0
proza_dawna/00101573.xml;25;79;43;37;16;13;9;6;0;2;8;0;2;2;4;0;2;0;0;3;1;0;0;0;1;0;0
blogi/00100600.xml;8;21;21;5;11;4;5;2;0;5;6;0;0;0;0;0;0;0;0;0;0;0;0;0;0;0;0
kap/00102081.xml;21;17;16;13;11;5;3;4;0;1;2;0;0;0;0;0;1;0;0;0;0;0;0;2;0;1;0
wikipedia/00100531.xml;2;13;24;14;3;8;0;1;0;2;7;1;0;0;0;0;0;0;0;0;0;0;0;0;0;0;0
dap/00102387.xml;23;66;40;31;15;15;6;6;4;4;11;0;1;4;2;0;2;0;0;1;0;0;0;0;0;0;0
dialog/00102717.xml;15;40;32;16;15;13;2;4;4;3;11;0;0;0;1;0;0;0;0;2;2;0;0;0;0;0;0
dialog/00102666.xml;7;27;16;23;15;17;0;0;8;0;9;0;0;4;0;0;0;0;0;0;1;0;0;0;0;0;0
wikipedia/00101380.xml;53;24;19;9;12;5;3;3;2;2;3;0;0;0;4;0;0;0;0;0;0;0;0;0;0;0;1
wikipedia/00100541.xml;19;17;9;10;5;6;0;2;1;1;9;4;1;0;0;0;0;0;0;0;0;0;0;0;0;0;0
ustawy/00102244.xml;91;57;20;29;13;10;24;0;2;0;12;0;0;0;0;0;0;0;0;0;0;0;0;0;0;0;0
dap/00102395.xml;18;65;30;20;22;23;18;4;0;4;4;0;0;0;0;0;0;0;0;0;0;1;0;0;2;0;0
kap/00102072.xml;22;24;27;10;20;7;4;1;7;2;6;0;1;0;0;0;1;0;0;0;0;0;0;0;0;0;0
popularno_naukowe_i_podręczniki/00101904.xml;44;26;17;22;20;11;6;5;3;0;4;0;1;0;1;2;0;0;0;0;2;0;0;0;0;0;0
dialog/00102706.xml;10;37;39;7;13;9;4;2;5;3;17;0;0;1;3;0;0;0;0;0;1;0;0;0;0;0;0
wikipedia/00101504.xml;13;17;15;16;8;5;7;3;2;2;5;0;0;0;1;0;0;0;0;0;0;0;0;0;0;0;0
wikipedia/00100543.xml;51;13;6;7;1;2;0;3;11;0;1;0;2;3;0;0;0;0;0;0;0;0;0;0;0;0;0
wikipedia/00101364.xml;5;2;1;1;3;2;0;0;0;0;0;0;0;0;0;0;0;0;0;0;0;0;0;0;0;0;0
wikipedia/00101393.xml;29;17;10;8;13;5;2;6;0;2;4;0;1;1;7;0;0;0;0;0;0;0;0;0;0;0;0
wikipedia/00101177.xml;5;26;6;8;1;3;4;2;1;0;1;2;1;0;0;0;0;0;0;0;0;0;0;0;0;0;0
wikipedia/00101442.xml;11;5;1;3;0;1;0;0;0;1;1;0;0;0;1;0;0;0;0;0;0;0;0;0;0;0;0
stenogramy/00101679.xml;37;75;34;46;17;19;17;4;5;2;13;1;2;0;0;0;1;0;0;0;0;0;0;0;0;0;0
wikipedia/00101178.xml;7;3;3;2;0;0;0;0;1;0;0;0;0;0;0;0;0;0;0;0;0;0;0;0;0;0;0
popularno_naukowe_i_podręczniki/00102150.xml;53;43;39;42;22;16;17;12;1;6;5;3;0;2;0;2;1;0;0;0;0;0;0;0;0;0;0
wikipedia/00101341.xml;11;26;17;4;8;4;1;3;2;3;3;0;0;0;0;0;0;1;0;0;0;0;0;0;0;0;0
kap/00101844.xml;17;21;21;10;11;10;10;1;1;0;2;1;0;2;0;0;0;0;0;0;0;0;0;0;0;0;0
popularno_naukowe_i_podręczniki/00101887.xml;8;5;5;7;4;4;2;3;0;0;0;0;0;0;1;0;0;0;0;0;0;0;0;0;0;0;0
wikipedia/00101270.xml;40;59;34;32;35;12;12;6;2;3;12;1;0;2;0;0;0;0;0;0;1;0;0;0;0;0;0
wikipedia/00101271.xml;2;10;2;2;1;1;1;0;0;4;0;0;0;0;0;0;0;0;0;0;0;0;0;0;0;0;0
kap/00102066.xml;13;25;8;6;5;2;2;2;0;1;7;1;0;0;0;0;1;0;0;0;0;0;0;0;0;0;0
ustawy/00101728.xml;20;55;30;28;8;18;28;5;0;4;1;0;2;0;0;0;0;0;0;0;0;0;0;0;0;0;0
dialog/00102707.xml;16;40;29;13;6;10;7;1;4;2;12;0;0;2;1;0;0;0;0;0;0;0;1;0;0;0;0
stenogramy/00101669.xml;14;48;50;31;12;19;15;3;7;3;24;0;0;1;2;0;0;0;0;0;1;0;0;0;0;0;0
wikipedia/00101277.xml;2;8;2;1;3;0;1;0;2;1;0;0;0;0;0;0;0;0;0;0;0;0;0;0;0;0;0
wikipedia/00101376.xml;42;69;39;41;25;24;20;11;3;4;17;2;4;0;2;0;1;0;0;0;0;0;1;0;0;0;0
wikipedia/00101212.xml;16;34;23;18;7;13;4;7;4;0;4;0;0;2;0;0;0;0;0;0;0;0;0;0;0;0;1
blogi/00102251.xml;31;30;16;21;10;10;3;4;3;0;4;2;2;0;1;0;0;0;0;0;0;0;0;0;0;0;0
stenogramy/00101595.xml;49;30;23;42;24;34;4;9;8;0;13;0;5;5;4;0;0;0;0;0;0;0;0;0;0;4;0
stenogramy/00101649.xml;13;48;44;26;25;14;15;5;4;6;9;2;0;8;0;0;0;0;0;0;0;0;0;0;0;0;0
proza_dawna/00101521.xml;10;44;38;23;18;20;8;7;9;6;5;2;2;1;0;1;0;0;0;0;0;0;0;0;0;1;1
kap/00102402.xml;12;29;24;11;6;8;8;5;1;3;3;1;0;0;0;0;0;0;0;0;0;0;0;0;0;0;0
wikipedia/00100513.xml;11;8;5;3;3;0;0;2;0;0;1;1;0;0;0;0;0;0;0;0;0;0;0;0;0;0;0
stenogramy/00101684.xml;31;53;54;36;20;11;5;4;11;0;5;1;0;0;1;0;1;0;0;0;0;0;0;0;0;0;0
urzędowe/00101914.xml;42;28;26;13;10;11;1;2;3;0;0;0;1;0;0;0;0;0;0;0;0;0;0;0;0;0;0
proza_dawna/00101616.xml;21;59;38;21;20;11;4;4;3;3;8;4;2;2;1;0;1;0;0;0;0;0;0;0;0;0;0
kap/00102080.xml;11;16;14;15;5;5;5;2;3;3;2;0;0;1;1;0;0;0;0;0;0;0;0;0;0;0;0
kap/00102494.xml;19;43;24;23;13;14;11;2;1;1;11;1;0;0;1;0;0;0;0;1;0;1;0;0;0;0;0
blogi/00101770.xml;18;66;32;26;29;14;11;2;7;3;10;2;0;1;1;0;0;0;0;0;0;0;0;0;0;0;0
wikipedia/00101462.xml;20;22;15;17;7;3;1;1;2;2;2;0;2;0;0;0;0;0;0;0;0;0;0;0;0;0;0
kap/00101701.xml;4;5;10;6;3;0;3;1;1;1;3;0;1;0;0;0;0;0;0;0;0;0;0;0;0;0;0
wikipedia/00101303.xml;7;35;12;10;5;7;1;0;1;1;6;0;0;0;0;0;1;1;0;0;0;0;0;0;0;0;0
blogi/00101960.xml;44;48;24;33;13;14;7;5;2;1;13;0;0;1;0;0;0;0;0;0;0;0;0;0;0;0;0
kap/00102060.xml;2;9;6;9;5;1;8;1;1;3;1;0;0;0;0;0;0;0;0;0;0;0;0;0;0;0;0
wikipedia/00101237.xml;35;28;15;11;8;8;7;2;1;4;1;0;1;0;0;0;1;0;0;0;0;0;0;0;0;0;0
wikipedia/00101459.xml;20;5;7;7;1;2;0;0;0;0;0;0;0;0;0;0;0;0;0;0;0;0;0;0;0;0;0
wikipedia/00101354.xml;26;40;9;13;5;1;4;0;0;0;2;0;0;0;1;0;0;0;0;0;0;0;0;0;0;0;0
kap/00102065.xml;5;26;23;27;20;10;4;4;0;1;10;1;1;2;0;2;0;0;0;0;0;0;0;0;0;2;0
wikipedia/00101306.xml;31;53;31;27;12;8;10;6;4;1;4;2;0;0;0;0;0;0;0;0;0;0;0;0;0;0;0
kap/00102067.xml;11;17;11;10;4;3;3;1;1;0;0;0;0;0;0;0;0;0;0;0;0;0;0;0;0;0;0
kap/00102114.xml;13;28;19;16;13;6;13;6;1;0;3;0;0;3;0;0;3;0;0;0;0;0;0;1;0;0;0
ustawy/00101930.xml;13;41;37;23;19;16;8;2;1;1;6;0;0;0;0;0;1;0;0;0;0;0;0;0;0;0;0
kap/00101852.xml;16;29;30;18;9;4;4;3;2;2;7;1;0;0;0;0;0;0;0;0;0;0;0;0;0;0;0
wikipedia/00101230.xml;13;10;2;2;4;4;1;0;0;0;0;0;0;0;0;0;0;0;0;0;0;0;0;0;0;0;0
wikipedia/00101312.xml;6;2;2;2;0;1;0;0;1;0;0;0;0;0;0;0;0;0;0;0;0;0;0;0;0;0;0
dap/00101793.xml;9;19;26;9;9;3;1;4;2;1;3;0;1;0;0;0;0;0;0;0;0;0;0;0;0;0;0
stenogramy/00101580.xml;17;57;39;47;11;27;15;6;2;1;9;0;2;2;0;0;0;0;0;0;0;0;0;0;0;0;0
wikipedia/00101202.xml;13;6;2;3;2;1;0;3;0;0;1;0;0;0;0;0;0;0;0;0;0;0;0;0;0;0;0
popularno_naukowe_i_podręczniki/00102550.xml;12;14;18;6;9;2;4;2;0;1;1;0;0;0;0;0;0;0;0;0;0;0;0;0;0;0;0
wikipedia/00101288.xml;26;43;20;2;1;8;4;2;1;3;0;0;0;0;0;0;1;0;0;0;0;0;0;0;0;0;0
wikipedia/00101439.xml;54;59;15;19;14;15;15;6;3;11;9;1;0;0;1;0;0;0;0;0;0;0;0;0;0;0;0
kap/00102498.xml;17;23;10;15;8;11;0;1;2;3;3;0;0;1;0;0;0;0;0;0;0;0;0;0;0;0;0
wikipedia/00101274.xml;0;4;1;3;1;0;1;0;0;0;0;0;0;0;0;0;0;0;0;0;0;0;0;0;0;0;0
wikipedia/00101389.xml;4;9;4;2;3;0;1;0;0;2;2;0;1;0;0;0;0;0;0;0;0;0;0;0;0;0;0
kap/00102122.xml;37;21;15;5;3;5;7;1;5;5;2;0;0;1;1;0;0;0;0;0;0;0;0;0;0;0;0
wikipedia/00101258.xml;37;55;37;50;29;25;11;10;3;4;7;0;1;1;0;3;0;0;0;0;0;0;0;0;0;0;0
kap/00102124.xml;23;20;9;10;4;3;5;3;4;4;0;0;1;1;0;0;0;0;0;0;0;0;0;0;0;0;0
ustawy/00101934.xml;55;52;25;26;17;3;11;7;1;1;3;1;0;0;0;0;0;0;0;0;0;0;0;0;0;0;0
wikipedia/00101286.xml;82;34;46;50;31;11;13;6;2;4;9;0;6;1;0;0;0;0;0;0;1;1;0;0;0;0;0
blogi/00101743.xml;57;63;38;21;15;28;8;7;7;9;19;0;2;0;0;0;0;1;0;1;0;1;0;0;0;0;0
wikipedia/00101473.xml;3;10;1;1;1;0;1;0;0;1;0;0;0;0;0;0;0;0;0;0;0;0;0;0;0;0;0
wikipedia/00101195.xml;22;62;53;32;17;5;17;8;14;2;15;0;0;2;2;0;0;0;0;1;0;0;1;0;0;0;0
wikipedia/00101308.xml;9;9;1;5;1;2;3;0;0;0;0;1;0;0;0;0;0;0;0;0;0;0;0;0;0;0;0
urzędowe/00102160.xml;36;24;22;26;16;3;10;2;3;2;0;0;0;0;0;0;0;0;0;0;0;0;0;0;0;0;0
stenogramy/00101653.xml;33;79;51;46;20;18;5;10;7;2;20;0;1;2;3;0;1;0;0;0;0;0;0;0;0;0;0
wikipedia/00101203.xml;6;22;20;8;1;6;8;5;2;0;0;0;0;0;0;0;0;0;0;0;1;0;0;0;0;0;0
dap/00102041.xml;36;44;29;28;20;17;4;2;1;5;11;1;0;3;0;0;0;0;0;0;0;0;0;0;0;0;0
stenogramy/00101524.xml;35;60;62;33;23;30;12;5;6;9;12;2;1;0;2;0;0;1;0;0;0;0;0;0;0;0;0
dap/00102044.xml;30;46;16;17;10;7;3;2;1;2;4;1;0;1;1;0;1;0;0;0;0;1;0;0;0;0;0
wikipedia/00101374.xml;11;10;19;9;14;5;6;3;4;4;3;0;0;0;0;0;0;0;0;0;0;0;0;0;0;0;0
wikipedia/00101294.xml;68;81;86;7;3;13;0;4;0;3;0;1;0;0;0;0;0;0;0;0;0;0;0;0;0;0;0
wikipedia/00101268.xml;3;8;2;1;1;0;1;0;0;1;0;0;0;0;0;0;0;0;0;0;0;0;0;0;0;0;0
urzędowe/00102167.xml;41;45;41;27;6;13;12;5;5;2;9;0;0;0;1;0;0;0;0;0;0;0;0;0;0;0;0
dialog/00102701.xml;8;9;11;13;7;10;2;0;3;0;10;0;0;2;0;0;0;0;0;0;0;0;0;0;0;0;0
kap/00102400.xml;20;28;24;26;10;8;7;7;3;1;12;0;0;0;0;0;2;1;0;0;0;0;0;0;0;0;0
kap/00102113.xml;44;25;19;15;51;7;11;4;4;3;7;0;0;0;1;0;0;0;0;0;0;0;0;0;0;0;0
blogi/00101965.xml;31;30;22;15;12;10;7;5;4;3;5;4;2;1;2;0;0;0;0;0;0;0;0;0;0;0;0
dap/00101817.xml;50;93;62;47;25;26;7;10;2;3;12;5;0;1;3;0;0;0;0;0;0;0;0;0;0;0;1
blogi/00102253.xml;31;37;48;37;17;10;9;5;9;5;12;3;0;1;0;0;0;0;0;0;0;0;0;0;0;0;0
kap/00102068.xml;12;30;10;17;6;2;7;2;3;2;4;0;0;2;1;0;1;0;0;1;0;0;0;0;0;0;0
urzędowe/00102566.xml;30;28;19;43;16;5;10;4;1;2;0;1;0;0;0;0;0;0;0;0;0;0;0;0;0;0;0
blogi/00101746.xml;4;48;47;18;10;8;4;8;4;3;9;0;1;1;0;0;0;0;0;0;1;0;0;0;0;0;0
proza_dawna/00100640.xml;46;42;31;26;23;9;9;5;7;1;17;1;2;0;1;0;1;0;0;2;0;0;0;0;0;0;0
kap/00100631.xml;6;20;13;9;5;2;2;2;2;1;2;0;0;0;0;0;0;0;0;1;0;1;0;0;0;0;0
wikipedia/00101339.xml;11;61;30;57;24;23;6;3;1;20;10;0;1;0;0;0;0;0;0;0;0;0;0;0;0;0;0
wikipedia/00101441.xml;2;16;4;8;2;7;1;0;3;2;3;0;1;0;0;0;0;0;0;0;0;0;0;0;0;0;0
dap/00102390.xml;56;54;41;23;30;13;7;3;3;9;9;2;1;0;0;0;0;0;0;0;0;0;0;0;0;0;0
dap/00102371.xml;35;70;44;34;22;10;29;11;7;3;8;1;0;1;1;0;1;0;0;0;0;0;0;0;0;0;0
wikipedia/00101254.xml;9;6;6;4;4;1;0;1;2;0;0;0;0;0;0;0;0;0;0;0;0;0;0;0;0;0;0
urzędowe/00101917.xml;18;46;21;24;21;13;15;4;13;10;5;0;0;0;0;0;0;0;0;1;0;0;0;0;0;0;0
ustawy/00101945.xml;34;55;42;48;35;33;13;1;2;0;5;1;0;0;0;0;0;0;0;0;0;0;0;0;0;0;0
kap/00102404.xml;15;17;15;19;14;3;5;2;4;1;2;0;0;0;0;0;0;0;0;0;0;0;0;0;0;0;0
proza_dawna/00102182.xml;21;39;48;28;16;14;5;7;7;3;8;2;1;0;0;1;2;0;0;0;0;0;0;0;0;0;0
wikipedia/00101370.xml;3;3;3;1;2;1;1;1;0;0;1;0;0;0;0;0;0;0;0;0;0;0;0;0;0;0;0
wikipedia/00100511.xml;6;9;7;4;2;2;1;1;1;0;1;0;0;0;0;0;0;0;0;0;0;0;0;0;0;0;1
kap/00102454.xml;13;13;5;11;4;3;2;1;0;0;2;2;0;1;0;0;0;0;0;0;0;0;0;0;0;1;0
wikipedia/00101416.xml;14;12;5;8;3;3;0;1;0;0;1;1;0;0;0;0;0;0;0;0;0;0;0;0;0;0;0
urzędowe/00102563.xml;41;64;46;23;14;7;9;14;2;3;3;8;0;0;0;0;2;0;0;0;0;0;0;0;0;0;0
dap/00101804.xml;16;16;16;10;6;6;1;3;1;1;1;0;0;0;0;0;0;0;0;1;0;0;0;0;0;0;0
wikipedia/00100532.xml;23;18;12;10;7;11;5;10;0;0;9;0;1;0;0;0;0;0;0;0;0;0;0;0;0;0;0
ustawy/00102227.xml;24;66;38;69;8;22;5;8;1;4;3;0;3;0;1;0;1;0;0;0;0;0;0;0;0;0;0
ustawy/00101724.xml;11;73;64;20;25;14;17;11;4;8;0;1;0;0;0;0;1;0;0;0;0;0;0;0;0;0;0
blogi/00102267.xml;39;43;51;28;26;19;7;4;4;4;12;1;1;3;1;0;0;0;0;1;0;0;0;0;0;0;0
dap/00101795.xml;7;28;17;12;8;3;2;8;3;1;4;0;0;0;0;0;0;0;0;0;0;0;0;0;0;0;0
stenogramy/00101659.xml;4;55;49;27;17;22;10;3;1;3;16;0;0;0;1;0;0;0;0;2;3;0;0;0;0;2;0
popularno_naukowe_i_podręczniki/00102535.xml;11;80;34;31;10;14;12;7;0;4;13;0;2;11;0;0;0;0;0;0;0;0;0;0;0;0;0
kap/00102084.xml;4;5;5;6;1;2;1;0;1;1;1;0;0;0;0;0;0;0;0;0;0;0;0;0;0;0;0
proza_dawna/00102205.xml;17;63;43;23;24;12;12;3;6;7;6;5;2;1;3;0;1;0;0;1;0;0;1;0;0;0;0
dap/00102386.xml;24;76;40;35;18;16;12;5;2;2;15;0;0;1;1;0;0;0;0;0;0;0;0;0;0;0;0
wikipedia/00100503.xml;2;11;1;1;1;0;1;0;0;1;0;0;0;0;0;0;0;0;0;0;0;0;0;0;0;0;0
blogi/00102283.xml;10;37;27;21;6;26;7;11;1;7;7;1;0;1;1;0;1;0;0;1;0;0;0;0;0;0;0
dialog/00102685.xml;1;5;1;3;0;4;0;0;1;0;2;0;0;2;0;0;0;0;0;0;0;0;0;0;0;0;0
proza_dawna/00102201.xml;6;50;47;26;15;9;16;4;2;1;7;1;4;1;0;0;0;1;0;2;0;0;0;0;0;0;0
blogi/00101742.xml;6;22;26;4;6;6;4;3;6;2;2;0;0;1;1;0;0;0;0;0;0;0;0;0;0;0;1
ustawy/00102234.xml;30;41;29;61;19;21;2;14;5;3;7;0;0;0;0;0;0;0;0;0;0;0;0;0;0;0;2
wikipedia/00101238.xml;15;13;10;10;3;4;1;0;0;2;2;0;0;0;0;0;0;0;0;0;0;0;0;0;0;0;0
wikipedia/00101311.xml;27;8;3;2;10;12;5;1;1;2;1;0;1;0;0;0;0;0;0;0;0;0;0;0;0;0;0
urzędowe/00102157.xml;17;31;35;36;16;17;21;4;1;7;2;2;0;0;0;0;1;0;0;0;0;0;0;0;0;0;0
blogi/00102314.xml;30;31;29;15;12;8;5;2;0;2;4;0;0;1;0;0;0;0;0;0;0;0;0;0;0;0;0
proza_dawna/00101562.xml;30;51;38;26;26;12;13;7;11;5;6;5;5;0;3;0;1;0;0;1;0;0;0;0;0;0;0
wikipedia/00101403.xml;8;5;7;4;2;2;1;0;2;0;1;0;0;0;0;0;0;0;0;0;0;0;0;0;0;0;0
wikipedia/00100520.xml;46;67;42;34;19;7;8;6;3;0;7;0;1;0;0;0;0;0;0;0;0;0;0;0;0;0;0
dap/00101708.xml;29;44;53;21;19;5;12;4;7;1;2;2;1;0;0;0;0;0;0;0;0;0;0;0;0;1;0
stenogramy/00101685.xml;23;64;35;36;47;19;13;7;2;3;18;1;0;0;0;0;0;0;0;0;0;0;0;0;0;0;0
stenogramy/00101591.xml;27;73;48;40;23;25;5;3;7;5;21;0;0;1;1;0;0;1;0;0;0;0;0;0;0;0;0
wikipedia/00101176.xml;7;6;5;1;0;0;0;1;0;0;0;0;0;0;0;0;0;0;0;0;0;0;0;0;0;0;0
ustawy/00101949.xml;23;16;21;19;4;3;6;0;1;0;0;0;1;0;0;0;0;0;0;0;0;0;0;0;0;0;0
kap/00101857.xml;23;40;24;18;12;18;5;5;2;1;5;0;0;0;0;0;1;0;0;0;0;0;0;0;0;0;1
blogi/00101765.xml;47;59;46;36;18;10;14;4;9;1;7;1;2;1;2;0;0;0;0;1;0;0;0;0;0;0;1
proza_dawna/00102209.xml;41;38;30;20;12;16;6;5;3;4;4;2;3;0;3;0;0;1;0;0;0;0;0;0;0;0;0
kap/00102486.xml;7;25;23;11;9;2;7;0;1;2;5;0;0;0;0;0;0;0;0;0;0;0;0;0;0;0;0
stenogramy/00101648.xml;21;56;47;19;13;20;10;3;6;1;24;6;0;1;0;0;1;0;0;0;0;0;1;0;0;0;0
stenogramy/00101677.xml;23;55;39;24;18;25;7;3;13;3;10;4;1;1;0;0;0;0;0;0;0;0;1;0;0;0;1
kap/00101843.xml;34;15;8;11;4;6;5;4;0;5;3;0;2;1;0;0;0;0;0;0;0;0;0;0;0;0;0
proza_dawna/00101518.xml;29;72;40;26;14;20;16;8;3;3;14;2;3;3;1;1;1;0;0;0;0;0;0;0;0;1;0
blogi/00101760.xml;2;17;23;10;8;10;4;2;1;1;3;0;0;0;0;0;0;0;0;2;0;0;0;0;0;0;0
wikipedia/00101469.xml;32;42;27;16;6;5;3;2;0;1;0;0;1;0;0;0;0;0;0;0;0;0;0;0;0;0;0
kap/00101840.xml;23;33;50;11;5;10;2;2;2;3;8;0;1;1;0;0;0;0;0;2;0;0;0;0;0;0;0
dialog/00102665.xml;4;1;10;3;0;5;0;0;0;0;1;0;0;2;0;0;0;0;0;1;1;0;0;0;0;0;0
wikipedia/00100521.xml;25;27;13;38;13;9;5;2;5;3;3;0;0;0;0;0;0;0;0;0;0;0;0;0;0;0;0
kap/00102093.xml;12;16;14;8;4;7;6;1;0;0;5;0;0;0;1;0;0;0;0;0;0;0;0;0;0;0;0
wikipedia/00101502.xml;33;52;41;59;18;15;13;3;2;2;6;0;1;0;1;0;2;0;0;0;0;0;0;0;0;0;0
dap/00101805.xml;8;15;15;12;6;12;2;1;7;2;10;1;1;0;0;0;0;0;0;0;0;0;0;0;0;0;0
blogi/00101973.xml;30;27;15;14;3;6;4;0;7;2;7;0;0;1;1;0;0;0;0;0;0;0;0;0;0;0;0
kap/00100626.xml;38;53;30;13;11;13;7;3;4;2;12;0;0;2;0;1;0;0;0;0;0;0;0;0;0;0;0
kap/00102509.xml;17;8;4;6;1;2;6;0;1;1;3;0;0;0;0;0;0;0;0;0;0;0;0;0;0;0;0
wikipedia/00101500.xml;18;47;45;36;24;11;9;16;4;3;12;3;0;0;3;0;0;0;0;0;0;1;0;0;0;0;0
kap/00101821.xml;35;53;25;17;7;8;11;4;1;6;13;2;1;0;0;0;0;0;0;1;0;0;0;0;0;0;0
wikipedia/00101404.xml;38;53;28;12;13;7;8;6;1;15;3;0;0;0;0;0;0;0;0;0;3;0;0;0;0;0;0
wikipedia/00101357.xml;55;54;33;32;21;10;16;5;3;1;8;0;3;2;4;0;0;0;0;0;1;0;0;0;0;1;0
wikipedia/00101456.xml;22;28;14;22;7;11;2;0;2;1;1;0;0;0;1;0;0;0;0;0;0;0;0;0;0;0;0
stenogramy/00101586.xml;24;52;35;46;19;19;24;6;1;1;8;0;4;2;0;0;2;1;1;1;0;0;0;0;0;0;0
wikipedia/00101236.xml;50;57;28;27;16;8;8;10;3;1;5;0;0;1;1;0;0;0;0;0;1;1;0;0;0;0;0
kap/00102483.xml;30;51;34;20;29;9;5;4;0;3;5;2;0;1;4;0;0;0;0;0;0;0;0;0;0;0;0
dap/00101792.xml;22;30;7;6;3;6;1;2;0;2;8;1;0;0;0;1;0;0;0;0;0;0;0;0;0;0;0
stenogramy/00101681.xml;16;57;36;21;22;21;8;2;3;5;15;0;0;1;1;0;0;0;0;1;0;0;0;0;0;0;0
wikipedia/00100537.xml;4;2;3;3;1;0;0;1;0;0;0;0;0;0;0;0;0;0;0;0;0;0;0;0;0;0;0
wikipedia/00101410.xml;6;13;10;5;6;1;3;0;2;0;0;0;0;0;0;0;0;0;0;0;0;0;0;0;0;0;0
kap/00101846.xml;10;20;11;10;9;7;5;1;1;0;2;0;0;0;0;0;0;0;0;0;0;1;0;0;0;0;0
blogi/00101975.xml;14;50;41;32;14;19;13;4;14;2;10;1;0;2;1;0;0;0;0;0;0;1;0;0;0;0;0
dap/00101803.xml;37;58;42;26;12;11;5;5;5;4;15;1;1;0;0;0;0;2;1;0;0;0;0;0;0;1;0
popularno_naukowe_i_podręczniki/00101902.xml;73;27;32;19;14;14;11;2;1;3;4;0;0;1;1;0;0;0;0;2;1;0;0;0;2;0;0
proza_dawna/00101599.xml;18;41;42;21;18;19;7;6;4;4;8;3;3;1;1;1;1;0;0;0;0;2;0;0;0;3;0
stenogramy/00101678.xml;23;55;52;29;16;21;9;8;2;3;8;3;0;0;1;0;0;0;0;0;0;0;0;0;0;0;0
dialog/00102713.xml;11;20;16;11;4;7;2;0;5;0;10;0;0;4;0;0;0;0;0;0;0;0;0;0;0;0;0
proza_dawna/00101600.xml;18;49;35;18;20;14;4;3;3;1;18;1;0;0;0;0;1;0;0;0;0;0;0;0;0;0;1
blogi/00101750.xml;36;36;31;28;24;27;11;12;3;6;9;1;1;0;0;0;2;0;0;1;0;1;1;1;0;0;0
blogi/00100607.xml;18;24;18;13;13;4;6;1;3;1;5;0;1;1;0;0;1;0;0;0;0;0;0;0;0;0;1
wikipedia/00101226.xml;24;30;12;12;14;8;8;2;3;0;3;0;0;1;0;0;0;0;0;0;0;0;0;0;0;0;0
blogi/00101744.xml;8;31;20;21;9;8;3;3;3;1;6;0;0;0;0;0;0;0;0;0;0;0;0;0;0;0;0
dialog/00102683.xml;1;26;32;3;12;5;12;0;0;0;9;0;0;2;0;0;0;0;0;0;0;0;0;0;0;0;0
wikipedia/00101185.xml;2;10;3;4;7;0;1;0;0;0;1;0;1;0;0;0;0;0;0;0;0;0;0;0;0;0;0
blogi/00101759.xml;4;16;8;5;10;6;1;0;0;1;3;1;0;0;0;1;0;0;0;0;0;0;0;0;0;0;0
stenogramy/00101647.xml;20;64;52;27;19;30;14;5;2;2;10;0;0;0;1;0;0;0;0;0;0;0;0;0;0;0;0
kap/00102503.xml;26;45;15;16;16;6;4;2;2;10;4;0;0;0;1;0;0;0;0;0;0;0;0;0;0;0;0
blogi/00102312.xml;20;41;32;21;21;14;10;6;2;2;4;1;2;1;0;0;0;0;0;1;0;0;1;0;1;0;0
blogi/00102263.xml;11;30;21;17;17;10;5;2;3;2;7;1;2;0;1;0;0;0;0;1;0;0;0;1;0;0;0
proza_dawna/00101603.xml;12;45;27;17;17;9;10;10;12;5;11;7;4;1;2;0;1;0;0;0;0;0;0;0;0;1;0
wikipedia/00101432.xml;13;11;12;5;8;3;4;4;1;0;2;0;0;0;1;0;0;0;0;0;1;0;0;0;0;0;1
wikipedia/00101424.xml;9;6;2;3;2;2;0;1;0;0;0;0;0;0;0;0;0;0;0;0;0;0;0;0;0;0;0
proza_dawna/00102189.xml;23;50;47;20;14;9;8;11;3;1;10;0;1;2;2;0;0;1;0;1;0;1;0;0;0;1;0
wikipedia/00101295.xml;14;7;4;6;1;0;1;1;0;1;3;0;0;0;0;0;0;0;0;0;0;0;0;0;0;0;0
stenogramy/00101686.xml;26;56;36;33;16;19;9;4;3;0;11;1;0;1;2;0;0;0;0;0;0;0;0;0;0;0;0
blogi/00102304.xml;11;20;6;5;3;4;0;2;0;0;3;0;0;0;0;0;0;0;0;0;0;0;0;0;0;0;0
blogi/00101952.xml;58;44;39;25;8;8;8;6;0;0;11;0;1;0;0;0;1;0;0;0;0;0;0;0;0;0;0
popularno_naukowe_i_podręczniki/00101508.xml;15;28;20;18;12;22;4;3;5;3;10;0;0;0;0;0;0;0;0;0;0;0;0;0;0;0;0
popularno_naukowe_i_podręczniki/00102524.xml;10;17;14;7;5;2;3;1;0;1;4;0;0;2;0;0;0;1;0;0;0;0;0;0;0;0;0
wikipedia/00101401.xml;8;6;1;4;2;3;0;1;0;0;1;0;0;0;0;0;0;0;0;0;0;0;0;0;0;0;0
wikipedia/00101246.xml;25;33;18;15;15;0;10;3;2;3;4;1;0;0;0;0;0;0;0;1;0;0;0;0;0;0;0
stenogramy/00101530.xml;29;58;45;28;15;6;15;9;11;1;9;0;0;0;1;0;0;0;0;0;0;0;0;0;0;0;0
popularno_naukowe_i_podręczniki/00102552.xml;4;14;12;9;5;8;5;2;0;1;3;0;0;0;0;0;0;0;0;0;0;0;0;0;0;0;0
kap/00102487.xml;8;27;21;14;9;2;8;3;2;2;6;0;0;0;0;0;0;0;0;0;0;0;0;0;0;0;0
wikipedia/00101166.xml;21;45;34;48;26;19;7;9;11;1;2;0;0;4;0;0;2;0;0;1;3;0;0;0;0;0;0
proza_dawna/00101513.xml;25;35;45;23;11;12;5;4;3;4;7;1;2;0;0;0;1;1;0;0;0;0;0;0;0;1;0
wikipedia/00101280.xml;15;62;30;28;22;13;9;2;2;3;5;0;0;0;0;0;0;0;0;0;0;0;0;0;0;0;0
dap/00101791.xml;11;30;43;14;7;9;2;5;6;0;7;2;1;1;0;0;1;0;0;1;0;0;0;0;0;0;0
blogi/00101766.xml;6;41;32;16;33;5;4;2;6;2;12;1;3;4;2;0;2;0;0;1;0;0;0;0;0;0;1
wikipedia/00100502.xml;7;15;10;8;5;1;7;1;0;1;0;0;0;0;0;0;0;0;0;0;0;0;0;0;0;0;0
proza_dawna/00101520.xml;9;44;30;27;21;10;13;7;3;3;8;2;3;1;2;0;0;0;0;1;1;0;0;1;0;0;0
kap/00102421.xml;14;13;2;4;2;4;1;2;2;2;2;0;0;1;0;0;0;0;0;0;0;0;0;0;0;0;0
popularno_naukowe_i_podręczniki/00102140.xml;18;80;45;28;22;16;15;5;9;6;13;2;3;0;2;0;0;1;0;0;0;0;0;0;0;0;0
ustawy/00101932.xml;26;63;50;27;20;25;9;7;4;0;12;0;0;0;0;0;0;0;0;0;0;0;0;0;0;0;0
dap/00101820.xml;75;45;29;16;15;13;19;2;4;12;16;0;1;0;2;0;0;0;0;0;0;0;0;0;0;0;0
wikipedia/00101338.xml;8;9;1;2;3;0;0;1;1;0;1;0;1;0;0;0;0;0;0;0;0;0;0;0;0;0;0
kap/00101702.xml;16;26;27;7;10;4;3;0;0;0;8;1;0;1;0;0;0;2;0;1;0;0;0;0;0;0;0
blogi/00102297.xml;15;49;40;27;23;12;8;10;5;0;10;3;0;2;2;0;1;0;0;1;0;0;0;0;0;1;0
blogi/00102272.xml;7;13;9;3;5;3;2;1;4;0;3;0;0;0;0;0;0;0;0;0;0;0;0;0;0;0;0
ustawy/00101727.xml;77;38;22;41;14;15;4;2;2;0;7;0;0;0;0;0;1;0;0;0;0;0;0;0;0;0;0
wikipedia/00101305.xml;3;1;1;2;7;1;1;1;5;0;1;2;0;0;0;0;0;0;0;0;0;0;0;0;0;0;0
kap/00102440.xml;15;22;14;11;6;3;2;1;1;0;5;0;1;0;0;0;0;1;0;0;0;0;0;0;0;0;0
popularno_naukowe_i_podręczniki/00102538.xml;29;77;38;22;26;18;21;15;5;2;4;1;1;0;0;0;1;0;0;0;1;0;0;0;0;0;0
kap/00101845.xml;27;32;16;19;6;11;2;0;5;1;2;2;0;0;0;0;0;0;0;0;0;0;0;0;0;0;0
proza_dawna/00102204.xml;24;46;42;28;29;15;16;5;8;2;7;2;2;2;3;1;0;0;0;0;0;0;0;0;0;2;0
stenogramy/00101592.xml;23;72;48;30;23;33;13;8;4;3;14;0;2;2;0;0;0;0;0;0;0;0;0;0;0;0;0
proza_dawna/00102200.xml;10;68;30;23;14;12;12;5;9;2;10;0;0;2;0;0;1;0;0;0;1;0;0;0;0;1;0
kap/00102428.xml;12;7;4;2;4;8;5;1;4;0;2;0;1;0;0;0;1;0;0;0;0;0;0;0;0;0;0
kap/00102123.xml;34;13;9;11;4;4;3;2;4;0;3;0;0;1;0;0;0;0;0;0;0;0;0;0;0;0;0
popularno_naukowe_i_podręczniki/00101897.xml;13;64;50;43;42;9;5;12;4;1;15;1;1;0;0;0;2;0;0;0;0;0;0;0;0;0;0
blogi/00101972.xml;14;38;37;23;15;10;6;1;2;1;9;1;1;1;1;0;0;1;0;0;0;1;0;0;0;0;0
wikipedia/00101480.xml;13;7;5;5;1;2;0;2;0;0;0;0;0;0;1;0;0;0;0;0;0;1;0;0;0;0;0
dap/00102023.xml;32;57;24;17;16;6;5;2;3;3;5;0;3;0;0;0;1;0;0;0;0;0;0;0;0;0;0
dap/00102051.xml;20;46;36;24;17;13;14;10;1;3;23;2;1;2;1;0;0;0;0;1;0;0;0;0;0;0;0
wikipedia/00101435.xml;6;6;2;1;0;1;0;0;0;1;0;0;0;0;0;0;0;0;0;0;0;0;0;0;0;0;0
popularno_naukowe_i_podręczniki/00102132.xml;34;39;37;34;14;30;7;0;3;3;19;1;0;2;1;0;0;0;0;0;0;0;1;0;0;0;0
dialog/00102715.xml;3;7;9;10;3;2;0;1;0;2;6;0;0;1;0;0;0;0;0;0;0;0;0;0;0;0;0
wikipedia/00101457.xml;22;10;6;2;1;0;2;0;0;0;1;0;0;0;0;0;0;0;0;0;0;0;0;0;0;0;0
wikipedia/00101267.xml;13;20;15;9;7;3;3;6;1;4;3;2;0;0;0;0;1;0;0;0;0;1;0;1;0;0;0
wikipedia/00101391.xml;11;28;13;8;2;0;6;2;0;0;4;2;0;0;1;0;0;0;0;0;0;0;0;0;0;0;0
kap/00101849.xml;23;21;27;15;7;9;0;4;0;1;5;3;0;1;0;0;0;0;0;0;0;0;0;0;0;0;0
blogi/00101968.xml;28;49;33;24;20;8;14;4;3;3;11;0;1;1;1;1;0;0;0;0;0;0;0;0;0;0;0
kap/00102477.xml;18;13;8;5;3;2;1;0;2;0;1;0;0;0;0;0;0;0;0;0;0;0;0;0;0;0;0
blogi/00101761.xml;16;69;64;26;19;19;21;5;7;6;18;1;1;1;1;0;0;0;0;0;0;0;0;0;0;0;0
ustawy/00101946.xml;38;42;20;17;11;11;11;1;2;1;7;0;0;0;0;0;0;0;0;0;0;0;0;0;0;0;0
kap/00102416.xml;11;17;23;7;1;2;1;1;0;2;2;0;0;0;0;0;0;0;0;0;0;0;0;0;0;0;0
blogi/00101767.xml;35;57;37;25;15;11;9;11;5;5;13;2;3;5;2;0;0;1;0;1;0;2;0;0;0;0;0
urzędowe/00101915.xml;38;24;27;37;13;4;7;2;2;1;1;0;0;0;0;0;0;0;0;0;0;0;0;0;0;0;0
blogi/00100612.xml;16;51;32;25;16;9;13;5;3;5;11;1;0;1;0;0;0;0;0;2;1;0;0;0;0;0;0
blogi/00101785.xml;10;28;22;11;1;11;6;3;1;3;3;0;0;0;0;0;1;0;0;0;0;0;0;0;0;0;0
popularno_naukowe_i_podręczniki/00102138.xml;4;9;8;2;1;2;0;0;1;1;1;0;0;0;0;0;0;0;0;0;0;0;0;0;0;0;0
urzędowe/00102568.xml;36;36;36;29;5;13;6;6;3;1;2;0;0;0;0;0;0;0;0;0;0;0;0;0;0;0;0
dap/00101705.xml;56;57;58;23;13;8;9;3;4;8;18;2;0;0;1;0;1;0;0;0;0;0;0;0;0;0;0
wikipedia/00101368.xml;30;57;40;23;42;16;16;17;5;0;11;0;3;0;0;3;0;0;0;0;0;0;0;0;0;0;0
wikipedia/00101447.xml;6;16;7;5;8;0;1;3;1;2;1;0;0;0;1;0;0;1;0;0;0;0;0;0;0;0;0
wikipedia/00101330.xml;38;37;19;13;16;2;4;1;0;1;3;0;1;0;1;0;0;0;0;1;0;0;0;0;0;0;0
kap/00102481.xml;5;4;3;2;3;4;0;1;0;0;1;0;0;0;0;0;0;0;0;0;0;0;0;0;0;0;0
kap/00102088.xml;41;43;10;9;7;7;3;0;4;1;1;0;2;2;2;0;1;0;0;0;0;0;0;0;0;0;0
wikipedia/00101486.xml;13;16;14;10;4;1;3;3;1;1;0;0;0;0;0;0;0;0;1;0;0;0;0;0;0;0;0
kap/00102075.xml;14;24;23;12;11;1;1;4;3;3;3;0;0;0;0;0;0;0;0;0;0;0;0;0;0;0;0
dap/00102031.xml;34;42;47;30;19;16;7;8;1;5;8;2;2;3;0;0;0;0;0;0;1;0;0;1;0;1;0
dap/00102370.xml;17;28;15;18;13;7;7;3;0;0;7;1;0;0;1;0;0;0;0;0;0;0;0;0;0;0;0
proza_dawna/00101609.xml;21;51;36;29;13;10;10;5;7;3;9;0;1;0;4;0;1;0;1;1;1;0;0;2;0;1;1
proza_dawna/00102193.xml;7;75;42;18;21;17;9;10;7;5;6;5;1;3;1;0;0;0;0;0;0;0;1;0;0;0;0
dap/00101808.xml;42;58;34;28;30;12;17;10;3;5;2;2;0;0;0;1;1;0;0;0;0;0;0;0;1;0;0
kap/00102461.xml;7;6;3;5;0;1;3;0;1;0;2;0;0;0;1;0;0;0;0;0;0;0;0;0;0;0;0
blogi/00102291.xml;21;43;21;17;9;1;6;1;4;0;6;0;0;0;1;0;1;0;0;0;0;0;0;0;0;0;0
wikipedia/00101413.xml;2;2;0;4;4;0;1;1;0;0;1;0;0;0;0;0;0;0;0;0;0;0;0;0;0;0;0
stenogramy/00101682.xml;18;43;47;28;20;25;13;10;2;5;10;2;2;2;3;0;1;0;0;0;0;0;0;0;0;0;0
ustawy/00102229.xml;10;66;43;16;21;46;15;4;13;3;2;0;0;0;1;0;0;0;0;0;0;0;0;0;0;0;0
wikipedia/00101234.xml;57;63;32;26;13;11;10;12;1;3;3;0;0;0;1;0;0;0;0;0;0;0;0;0;0;0;0
blogi/00102273.xml;12;25;14;6;8;16;1;2;0;0;4;0;0;1;1;0;1;0;0;1;0;0;0;0;0;1;0
ustawy/00101739.xml;46;46;29;31;12;17;8;3;2;6;5;0;0;0;1;0;1;0;0;0;0;1;0;0;0;0;0
techniczne/00101544.xml;25;49;30;29;12;11;13;10;5;10;19;0;2;5;0;0;0;0;0;0;0;0;0;0;0;0;0
wikipedia/00101365.xml;8;10;17;5;8;3;3;10;1;1;2;0;0;0;0;0;0;0;0;0;1;0;0;0;0;0;0
wikipedia/00101436.xml;10;17;11;7;3;6;2;2;1;0;1;0;0;0;0;0;1;0;0;0;0;0;0;0;0;0;0
kap/00102419.xml;21;44;23;14;9;4;2;3;3;1;5;0;0;0;0;0;0;0;0;1;0;0;0;0;0;0;0
stenogramy/00101578.xml;15;58;44;22;15;8;8;9;6;0;12;0;1;0;1;0;0;0;1;0;0;0;0;0;0;0;3
wikipedia/00101352.xml;44;60;33;30;16;13;16;7;2;6;25;1;0;3;3;0;0;0;0;2;0;1;0;0;0;0;0
urzędowe/00101911.xml;11;53;33;26;15;27;2;4;4;0;4;1;0;0;0;0;0;0;0;0;0;0;0;0;0;0;0
ustawy/00102238.xml;68;65;21;22;9;2;17;10;0;1;3;0;0;0;0;0;0;0;0;0;0;0;0;0;0;0;0
proza_dawna/00101571.xml;21;60;32;22;23;13;12;14;1;4;9;0;0;2;0;0;0;0;0;1;0;0;0;0;0;0;0
kap/00102057.xml;27;22;19;12;8;7;4;2;2;2;0;0;2;3;1;0;0;0;0;0;0;0;0;0;0;0;0
wikipedia/00101478.xml;11;4;4;3;0;1;0;0;1;0;0;0;0;0;0;0;0;0;0;0;0;0;0;0;0;0;0
blogi/00101747.xml;11;32;18;17;12;12;9;3;1;2;6;0;0;0;2;0;0;0;0;1;0;0;0;0;0;0;0
wikipedia/00101241.xml;33;71;47;37;18;20;16;10;3;2;5;1;2;0;1;0;0;0;0;0;0;0;0;0;0;0;0
wikipedia/00100539.xml;30;50;21;33;15;15;17;35;19;5;6;0;0;0;0;0;1;0;0;0;2;0;0;0;0;0;0
dialog/00102680.xml;19;15;22;8;1;3;0;1;5;0;9;0;0;3;0;1;0;0;0;0;1;2;0;0;0;0;0
kap/00102497.xml;6;20;13;9;5;2;2;2;2;1;2;0;0;0;0;0;0;0;0;1;0;1;0;0;0;0;0
wikipedia/00101481.xml;10;1;4;3;1;1;0;0;0;0;0;0;0;0;0;0;0;0;0;0;0;0;0;0;0;0;0
wikipedia/00100526.xml;16;15;9;5;2;1;3;1;0;4;0;2;0;0;0;0;0;0;0;0;0;0;0;0;0;0;0
blogi/00101753.xml;7;43;32;20;21;10;16;9;1;6;5;0;0;0;5;0;1;0;0;1;0;1;0;1;0;0;0
stenogramy/00101642.xml;22;51;49;28;14;5;4;4;3;7;16;1;1;0;3;0;0;0;0;1;0;0;0;0;0;0;0
popularno_naukowe_i_podręczniki/00101889.xml;53;54;27;40;24;7;11;4;4;1;17;0;0;1;0;0;0;2;0;0;0;0;0;0;0;0;0
wikipedia/00101378.xml;6;9;1;2;1;0;0;0;0;2;1;0;2;0;0;0;0;0;0;0;1;0;0;0;0;0;0
blogi/00102285.xml;41;49;28;28;10;10;10;5;1;1;5;0;0;0;0;0;0;0;0;3;0;0;0;0;0;0;0
urzędowe/00102158.xml;25;60;26;14;15;16;4;4;5;3;3;0;0;0;1;0;0;0;0;0;0;0;0;0;0;0;0
wikipedia/00101395.xml;16;20;16;7;5;3;6;3;0;2;4;0;0;1;0;0;0;0;0;0;0;0;0;0;0;0;0
ustawy/00102213.xml;32;66;35;36;15;25;9;3;2;8;0;1;0;0;0;0;1;0;0;0;0;0;0;0;0;0;0
wikipedia/00101387.xml;32;13;12;16;3;10;2;1;0;1;2;0;2;0;1;0;0;0;0;1;0;0;0;0;0;0;1
wikipedia/00101314.xml;10;3;3;3;1;1;0;0;1;0;0;0;0;0;0;0;0;0;0;0;0;0;0;0;0;0;0
proza_dawna/00101554.xml;23;55;39;28;19;20;9;7;9;5;9;3;3;3;0;0;0;0;0;0;0;0;0;0;0;0;0
wikipedia/00101310.xml;2;12;3;2;0;1;1;2;1;0;0;0;0;0;0;0;0;0;0;0;0;0;0;0;0;0;0
kap/00102472.xml;5;7;2;0;1;0;0;0;0;0;0;0;0;0;0;0;0;0;0;0;0;0;0;0;0;0;0
kap/00101850.xml;12;13;8;9;3;4;2;3;2;1;2;2;0;3;0;0;0;0;0;0;0;0;0;0;0;0;0
wikipedia/00101386.xml;43;48;26;23;26;17;7;17;5;6;10;1;2;0;0;0;1;0;1;1;0;0;0;1;0;0;0
wikipedia/00101171.xml;6;5;11;5;4;6;2;3;1;1;1;1;0;0;0;0;1;0;1;0;0;0;0;0;0;0;0
blogi/00101771.xml;3;7;15;4;4;2;0;0;1;0;1;1;0;0;0;0;0;0;0;0;0;0;0;0;0;0;0
proza_dawna/00102194.xml;18;32;41;30;16;11;6;3;5;1;12;1;0;0;3;0;0;0;0;0;0;0;0;1;0;0;0
wikipedia/00101233.xml;22;13;14;8;4;4;2;0;0;1;1;1;0;0;0;0;0;0;0;0;0;0;0;0;0;0;0
popularno_naukowe_i_podręczniki/00101506.xml;2;8;10;3;1;1;0;1;0;0;2;1;0;0;0;0;0;0;0;0;1;0;0;0;0;0;0
kap/00102415.xml;1;6;2;1;2;1;0;0;0;0;0;0;0;0;0;0;0;1;0;0;0;0;0;0;0;0;0
blogi/00102340.xml;18;20;15;18;9;18;4;4;0;1;3;0;0;0;0;0;0;0;0;0;0;0;0;0;0;0;0
wikipedia/00101167.xml;13;5;14;1;3;3;0;2;0;0;0;0;1;0;0;0;0;0;0;0;0;0;0;0;0;0;0
wikipedia/00101366.xml;16;39;29;25;32;15;3;18;4;2;3;0;0;0;0;0;0;0;0;0;0;0;0;0;0;0;0
wikipedia/00101369.xml;65;41;37;29;17;13;8;3;2;2;4;1;0;1;2;1;0;1;0;0;2;1;0;0;0;0;0
wikipedia/00101351.xml;42;41;9;9;3;4;4;3;0;4;4;0;1;0;0;0;6;0;0;0;1;0;0;0;0;0;0
wikipedia/00101407.xml;26;55;39;27;15;13;7;5;0;1;6;0;0;2;0;0;0;0;0;0;0;0;0;0;0;0;0
wikipedia/00101322.xml;15;29;21;15;16;6;10;5;1;4;1;0;0;1;0;0;0;0;0;0;0;0;0;0;0;0;0
popularno_naukowe_i_podręczniki/00101899.xml;16;75;30;15;17;20;13;15;2;1;12;0;1;0;0;0;0;0;0;0;0;0;0;0;0;0;0
wikipedia/00100510.xml;4;2;4;2;8;0;1;0;0;1;1;0;0;0;0;0;0;0;0;0;0;0;0;0;0;0;0
ustawy/00102609.xml;38;15;8;9;1;2;5;1;0;0;1;0;0;0;0;0;0;0;0;0;0;0;0;0;0;0;0
stenogramy/00101658.xml;19;38;41;26;9;29;13;4;11;6;8;0;0;0;0;1;4;0;0;0;0;0;0;0;0;0;0
popularno_naukowe_i_podręczniki/00101907.xml;45;39;24;35;19;14;19;2;1;6;12;0;0;0;0;0;3;0;0;0;0;0;0;0;0;0;0
kap/00102447.xml;11;6;16;9;2;4;2;2;3;2;4;2;0;0;1;0;0;0;0;0;0;0;0;0;0;0;0
dap/00101711.xml;7;23;5;7;9;4;3;1;1;0;4;1;0;0;0;0;0;0;0;0;0;0;0;0;0;0;1
ustawy/00101730.xml;38;61;30;27;14;19;9;0;6;7;9;4;0;0;0;0;1;1;0;0;0;0;0;0;0;0;0
proza_dawna/00100637.xml;45;43;50;30;12;16;9;2;7;0;14;2;0;1;0;0;0;0;0;3;0;0;0;0;0;0;0
wikipedia/00101208.xml;10;43;16;26;12;7;51;7;3;1;4;2;0;2;0;0;0;0;0;0;1;0;0;0;0;0;0
proza_dawna/00101611.xml;15;47;36;21;10;21;15;9;3;2;6;4;10;2;2;0;0;1;0;0;0;0;0;0;0;0;0
dap/00101710.xml;60;73;82;53;34;39;17;14;7;3;27;4;3;0;3;0;0;1;0;0;0;0;1;0;0;0;1
dap/00102392.xml;53;44;34;25;21;8;7;3;4;10;16;1;1;3;1;0;0;0;0;0;0;0;0;0;0;0;0
kap/00102499.xml;8;23;14;7;2;2;1;0;3;0;1;0;0;0;0;0;0;0;0;0;0;0;0;0;0;1;0
urzędowe/00101918.xml;14;36;30;28;15;10;6;6;5;3;6;1;0;0;0;0;0;0;0;1;0;0;0;0;0;0;0
stenogramy/00101533.xml;21;66;36;29;13;16;10;6;11;3;6;0;1;1;1;0;0;0;0;1;0;0;0;0;0;0;0
wikipedia/00101373.xml;43;26;12;18;9;1;1;6;7;5;4;0;0;0;0;0;0;0;0;0;0;0;0;0;0;0;0
ustawy/00101936.xml;41;47;33;43;22;11;6;11;5;0;7;3;0;0;0;0;3;0;0;0;0;0;0;0;0;0;0
kap/00101874.xml;32;11;11;3;2;2;2;0;0;1;0;0;0;0;0;0;0;0;0;0;0;0;0;0;0;0;0
wikipedia/00101264.xml;14;67;75;21;23;14;16;6;4;8;7;1;1;2;0;0;0;3;0;0;0;0;0;0;0;0;0
proza_dawna/00101598.xml;51;57;57;28;18;21;13;7;1;1;21;1;4;0;4;0;0;3;0;2;0;1;0;0;0;0;1
kap/00101880.xml;11;10;12;6;10;3;3;0;0;1;1;0;0;0;0;0;0;0;0;0;0;0;0;1;0;0;0
popularno_naukowe_i_podręczniki/00102147.xml;15;35;28;25;21;24;23;6;13;5;7;2;3;0;0;0;0;0;0;0;1;0;0;0;0;0;0
proza_dawna/00102197.xml;18;50;34;20;11;19;10;4;5;5;6;2;1;1;1;0;0;0;0;1;0;1;0;0;0;1;0
stenogramy/00101665.xml;45;66;45;35;23;11;15;13;2;7;24;4;4;1;3;0;0;0;0;0;0;0;0;0;0;0;0
wikipedia/00101348.xml;3;10;2;1;1;0;1;0;0;1;0;0;0;0;0;0;0;0;0;0;0;0;0;0;0;0;0
proza_dawna/00101612.xml;39;43;29;32;16;7;7;10;12;5;3;3;1;1;2;2;0;0;0;2;1;0;0;0;0;0;0
blogi/00101783.xml;1;20;9;6;4;3;1;3;3;0;1;0;0;0;0;0;0;0;0;1;0;1;0;0;0;1;0
wikipedia/00101164.xml;41;57;31;27;15;16;11;4;3;3;5;3;1;1;0;0;0;0;3;0;1;0;0;0;0;0;0
ustawy/00102218.xml;67;47;46;24;21;32;11;2;2;1;3;1;2;0;0;0;1;0;0;0;0;0;0;0;0;0;0
kap/00100622.xml;14;17;16;4;7;7;2;3;1;0;6;0;0;0;0;0;0;1;0;0;0;0;0;0;0;0;1
stenogramy/00101656.xml;15;57;53;20;14;13;14;4;0;5;15;4;0;1;2;0;0;1;0;0;0;0;0;0;0;0;0
kap/00102425.xml;17;13;9;11;5;4;3;1;4;1;4;0;0;1;0;0;1;0;0;0;0;0;0;0;0;0;0
kap/00102507.xml;56;25;15;8;6;6;1;2;5;9;2;0;2;0;7;0;0;0;0;0;0;0;0;0;0;0;0
kap/00101839.xml;16;26;27;7;10;4;3;0;0;0;8;1;0;1;0;0;0;2;0;1;0;0;0;0;0;0;0
kap/00102482.xml;10;19;16;7;7;3;1;1;2;0;2;0;0;0;1;0;0;0;0;0;0;0;0;0;0;1;0
kap/00102129.xml;6;12;5;7;3;1;2;0;0;3;1;0;0;0;0;0;0;0;0;0;0;0;0;0;0;0;0
stenogramy/00101579.xml;26;68;54;15;17;29;9;7;13;5;20;0;1;1;4;0;1;0;0;0;0;0;0;0;0;0;0
ustawy/00101735.xml;43;48;20;13;18;2;2;3;0;0;1;0;0;0;0;0;1;0;0;0;1;0;0;0;0;0;0
proza_dawna/00101515.xml;15;51;46;20;21;19;9;4;6;3;12;2;1;0;5;0;0;0;0;2;0;0;1;0;0;0;0
techniczne/00101542.xml;16;37;20;22;6;6;2;8;5;3;11;2;3;0;0;0;0;0;0;0;0;0;0;0;0;0;0
kap/00102414.xml;6;11;9;6;2;4;3;0;1;4;1;1;0;0;0;0;0;0;0;0;0;0;0;1;0;0;0
stenogramy/00101523.xml;27;61;39;32;25;13;25;6;3;6;4;2;1;0;0;0;0;0;0;0;0;0;0;0;0;0;0
wikipedia/00101293.xml;7;10;6;3;6;0;0;0;0;1;0;0;0;1;0;0;0;0;0;0;0;0;0;0;0;0;0
ustawy/00102231.xml;35;73;43;28;12;20;9;7;8;3;1;7;1;0;0;0;3;0;0;0;0;0;0;0;0;0;0
wikipedia/00101250.xml;23;26;27;12;8;3;5;1;1;1;5;1;0;0;0;0;0;0;0;0;0;0;0;0;0;0;0
wikipedia/00101284.xml;6;3;2;1;0;1;0;0;0;0;1;1;0;0;0;0;0;0;0;0;0;0;0;0;0;0;0
proza_dawna/00101604.xml;28;40;43;19;17;14;17;4;9;2;12;1;3;0;1;0;0;0;0;0;0;1;1;1;0;0;0
proza_dawna/00101570.xml;18;34;26;18;11;9;6;5;0;1;10;0;0;0;1;0;0;0;0;1;0;0;0;0;0;0;0
popularno_naukowe_i_podręczniki/00102530.xml;19;65;33;24;29;16;10;10;3;6;10;1;5;1;2;0;0;0;0;0;0;0;0;1;0;0;0
kap/00102111.xml;32;27;17;8;12;5;5;4;7;20;4;0;1;0;0;0;0;0;0;0;0;0;0;0;0;0;0
dap/00101717.xml;10;31;13;11;6;7;5;4;0;3;4;0;0;1;0;0;0;1;0;0;0;0;0;0;0;0;0
ustawy/00102608.xml;127;49;21;12;1;1;16;0;0;1;1;0;10;0;0;0;0;0;0;0;0;0;0;0;0;0;0
wikipedia/00101479.xml;14;58;25;18;13;8;6;4;6;3;6;0;2;0;0;0;0;0;0;0;0;0;0;0;0;0;0
wikipedia/00101199.xml;12;10;6;2;0;1;0;1;0;0;3;1;0;0;0;0;0;0;0;0;0;0;0;0;0;0;0
stenogramy/00101650.xml;29;46;43;25;26;18;9;7;3;2;12;0;3;1;2;0;1;0;0;0;0;0;0;0;0;0;0
wikipedia/00101179.xml;16;39;21;10;9;6;6;7;1;5;3;0;0;0;0;0;0;0;0;0;2;0;0;0;0;0;0
wikipedia/00101400.xml;11;10;4;6;4;1;0;0;0;0;0;1;0;0;0;0;0;0;0;0;0;0;0;0;0;0;0
kap/00102445.xml;10;18;7;8;5;3;2;0;1;4;1;1;0;0;0;0;0;0;0;0;0;0;0;0;0;0;0
ustawy/00102224.xml;40;58;43;58;26;13;16;5;9;2;1;0;0;0;0;0;1;0;0;0;0;0;0;0;0;0;0
wikipedia/00101474.xml;0;4;1;3;1;0;1;0;0;0;0;0;0;0;0;0;0;0;0;0;0;0;0;0;0;0;0
kap/00101841.xml;9;22;20;13;3;7;2;4;1;0;5;1;0;1;0;0;0;0;0;0;0;0;0;0;0;0;0
dap/00102033.xml;34;52;55;36;18;6;9;6;1;3;8;2;1;6;0;0;1;0;0;0;0;0;0;0;0;0;0
wikipedia/00101414.xml;12;17;7;7;3;3;8;0;0;2;6;0;0;0;1;0;0;0;0;0;0;0;1;0;0;0;0
kap/00102108.xml;5;33;23;15;15;10;3;4;3;12;6;1;1;1;1;0;0;0;0;0;0;0;0;0;0;0;0
stenogramy/00101645.xml;23;57;37;25;20;29;10;6;4;2;16;0;0;0;0;0;0;0;0;1;0;0;0;0;0;0;0
kap/00102432.xml;40;30;28;18;14;9;8;1;2;4;3;2;2;0;0;0;1;0;0;0;0;0;0;0;0;0;0
stenogramy/00101588.xml;13;54;55;17;17;17;15;11;2;0;8;0;0;0;0;0;0;0;0;0;0;1;0;0;1;0;0
ustawy/00101938.xml;28;55;33;26;13;16;11;4;5;16;13;3;1;0;0;0;2;0;0;1;0;0;0;0;0;0;1
wikipedia/00101215.xml;27;44;29;23;19;17;13;3;1;5;3;0;0;0;0;0;1;0;0;0;2;0;0;0;0;0;0
techniczne/00101534.xml;15;27;9;18;16;8;8;1;3;5;7;0;1;0;0;0;0;0;0;0;0;0;0;0;0;0;0
blogi/00102007.xml;23;46;36;21;14;12;12;4;2;3;4;1;0;0;0;0;0;0;0;2;0;0;0;0;0;0;0
wikipedia/00101396.xml;17;16;10;11;3;3;7;1;0;0;2;0;1;0;0;0;1;0;0;0;0;0;0;0;0;0;0
kap/00101867.xml;34;27;9;2;1;1;1;2;0;1;3;0;0;0;0;0;1;0;0;0;0;1;0;0;0;0;0
wikipedia/00101496.xml;9;40;16;25;13;2;4;11;1;6;4;1;2;0;0;0;0;0;0;0;0;0;0;0;0;0;0
kap/00102459.xml;7;4;8;1;2;3;2;0;1;0;1;0;0;0;0;0;0;0;0;0;0;0;0;0;0;0;0
stenogramy/00101589.xml;26;54;34;15;19;26;8;3;7;1;17;0;1;1;3;0;0;0;0;0;0;0;0;0;0;0;0
blogi/00101748.xml;16;33;28;13;10;10;9;1;0;1;2;2;0;0;1;0;0;0;0;0;0;0;0;0;0;0;0
wikipedia/00101265.xml;47;20;12;17;7;4;1;3;0;0;8;0;0;2;2;0;0;0;0;0;2;0;0;0;0;0;0
stenogramy/00101644.xml;19;66;39;47;17;21;20;8;2;2;7;1;0;1;1;0;0;0;0;0;1;0;0;0;0;0;0
dap/00102043.xml;11;34;27;13;13;8;3;3;2;4;10;0;2;4;3;0;0;0;0;0;0;0;0;0;0;0;0
dap/00102377.xml;16;40;37;14;13;14;6;1;1;3;4;1;0;3;0;0;1;0;0;0;0;0;0;0;0;0;0
kap/00101859.xml;27;24;8;7;11;4;8;5;3;2;5;0;5;0;3;0;0;0;1;1;0;0;0;0;0;0;0
dialog/00102705.xml;3;10;12;5;1;3;1;0;3;0;8;0;0;2;0;0;0;0;0;0;1;0;0;0;0;0;0
dap/00102361.xml;21;57;46;32;23;18;8;12;3;8;9;0;0;0;2;0;0;0;0;2;0;0;0;0;0;0;0
blogi/00101756.xml;18;45;36;12;21;14;15;8;4;0;10;0;1;1;0;0;1;0;0;1;0;1;0;0;0;0;0
stenogramy/00101667.xml;22;56;48;41;19;14;16;5;5;3;6;1;1;0;3;0;0;0;0;0;0;0;0;0;0;0;0
wikipedia/00101444.xml;62;63;26;25;16;10;13;7;0;2;6;0;2;1;1;0;0;0;0;0;0;0;0;0;0;0;0
kap/00101879.xml;12;20;15;8;8;9;3;1;0;1;2;0;0;0;0;0;2;0;0;0;0;0;0;1;0;0;0
stenogramy/00101663.xml;17;58;50;33;13;27;9;1;5;1;9;1;2;1;0;0;0;0;0;0;0;0;0;0;0;0;0
wikipedia/00101278.xml;21;59;33;34;10;3;5;2;3;0;3;3;0;0;0;0;0;1;0;0;0;0;0;0;0;0;0
wikipedia/00101207.xml;9;4;14;6;3;2;0;1;0;0;1;0;0;0;0;0;0;0;0;0;0;0;0;0;0;0;0
dap/00102355.xml;35;74;52;45;18;30;3;7;2;1;9;0;0;0;0;0;0;0;0;0;0;0;0;0;0;0;0
kap/00101836.xml;6;11;9;6;2;4;3;0;1;4;1;1;0;0;0;0;0;0;0;0;0;0;0;1;0;0;0
stenogramy/00101683.xml;30;54;48;33;22;23;15;8;2;2;8;0;0;0;2;0;0;1;0;0;0;0;0;0;0;0;1
wikipedia/00101248.xml;45;70;48;31;17;13;11;4;7;2;3;0;0;1;0;0;0;0;0;0;0;0;0;0;0;0;0
stenogramy/00101587.xml;19;72;30;20;20;17;18;8;5;1;2;0;6;0;0;0;0;0;0;0;0;0;0;0;0;0;0
popularno_naukowe_i_podręczniki/00102131.xml;8;28;8;11;3;8;6;2;1;1;5;1;0;0;0;0;0;0;0;0;0;0;0;0;0;0;0
blogi/00100608.xml;100;36;35;19;12;16;11;0;6;2;4;1;0;0;1;0;0;1;0;0;0;0;0;0;0;0;0
stenogramy/00101638.xml;37;57;41;54;32;17;15;5;1;1;11;1;2;1;1;0;0;0;0;1;1;0;0;0;0;1;0
wikipedia/00101449.xml;45;31;36;15;14;6;5;5;4;4;4;0;0;0;0;0;0;0;0;0;0;0;0;0;0;0;0
ustawy/00101736.xml;80;62;9;28;5;18;13;3;1;0;5;0;0;0;0;0;0;0;0;0;0;0;0;0;0;0;0
dialog/00102692.xml;3;4;11;6;6;2;0;0;7;0;5;0;0;2;2;0;0;0;0;0;0;0;0;0;0;0;0
wikipedia/00101240.xml;31;32;20;18;8;9;4;1;1;2;3;0;4;0;0;0;0;0;0;0;0;0;0;0;0;0;0
blogi/00102310.xml;17;58;27;10;15;10;4;3;4;3;10;2;1;1;1;0;1;1;0;0;0;1;0;1;0;0;0
kap/00101881.xml;41;25;20;19;10;13;7;2;5;5;4;0;1;0;6;0;3;0;0;0;0;1;0;0;0;0;0
wikipedia/00100515.xml;15;13;13;1;5;3;2;3;0;1;1;0;0;0;0;0;1;0;0;0;0;0;0;0;0;0;0
popularno_naukowe_i_podręczniki/00102516.xml;12;12;5;4;6;7;2;2;1;1;1;0;0;0;0;0;0;0;0;0;0;0;0;0;0;0;0
kap/00101827.xml;11;15;29;13;10;5;10;4;2;1;6;0;2;0;0;0;0;0;0;0;0;0;0;0;0;0;0
dap/00102389.xml;52;37;34;27;26;14;21;5;8;2;13;3;1;0;0;0;0;0;0;1;0;0;0;0;12;0;0
wikipedia/00101367.xml;5;5;4;4;2;1;0;0;0;0;1;0;0;0;0;0;0;0;0;0;0;0;0;0;0;0;0
kap/00101884.xml;28;5;8;3;4;4;3;2;1;3;2;0;0;0;0;0;0;0;0;0;0;0;0;0;0;0;0
kap/00102504.xml;11;10;12;6;10;3;3;0;0;1;1;0;0;0;0;0;0;0;0;0;0;0;0;1;0;0;0
kap/00100625.xml;27;34;27;13;17;9;10;6;2;2;2;0;1;1;3;0;0;0;0;0;0;0;0;0;0;0;0
dap/00102373.xml;32;57;47;23;30;9;6;6;1;3;14;2;0;0;1;0;1;0;0;0;1;0;0;0;0;0;0
kap/00101882.xml;22;17;13;6;6;4;4;3;4;4;4;1;0;0;1;0;1;0;0;0;0;0;0;1;0;0;0
urzędowe/00102565.xml;5;34;23;36;20;8;5;7;1;1;3;0;0;0;0;0;0;0;0;0;0;0;0;0;0;0;0
kap/00102408.xml;15;10;5;2;4;5;1;0;0;1;1;0;0;1;0;0;0;0;0;0;0;0;0;0;0;0;0
popularno_naukowe_i_podręczniki/00102141.xml;33;85;43;35;16;18;14;11;9;2;16;2;0;0;0;0;0;1;0;0;1;0;0;0;0;0;0
wikipedia/00101285.xml;42;97;40;32;21;16;11;8;9;9;7;4;0;0;0;0;0;0;0;0;0;0;0;0;0;0;0
blogi/00101762.xml;20;33;15;17;14;10;8;4;2;2;7;0;1;2;0;0;0;0;0;0;0;0;0;0;0;0;0
stenogramy/00101529.xml;15;42;41;29;19;15;11;8;1;3;4;1;0;1;1;0;0;0;0;0;0;0;0;0;0;0;0
dap/00102381.xml;66;63;28;30;20;11;17;4;3;4;6;0;0;1;2;0;0;0;0;1;0;0;0;0;0;0;0
blogi/00101745.xml;8;42;23;7;5;8;5;4;2;2;5;0;2;1;0;0;0;0;0;0;0;0;0;0;0;0;0
stenogramy/00101532.xml;11;62;37;52;18;14;10;6;0;3;8;2;0;0;2;0;0;0;0;0;0;0;0;0;0;0;0
blogi/00101974.xml;27;30;24;11;7;6;7;0;1;6;4;0;0;0;1;0;0;0;0;0;0;0;0;0;0;0;0
wikipedia/00101345.xml;6;14;3;2;6;2;3;0;0;1;2;0;0;0;0;0;0;0;0;0;0;0;0;0;0;0;0
wikipedia/00101282.xml;3;0;0;3;0;2;4;0;0;0;0;1;0;0;0;0;0;0;0;0;0;0;0;0;0;0;0
wikipedia/00101257.xml;49;81;27;34;14;15;10;7;19;7;6;0;0;0;0;3;1;0;0;0;0;0;0;1;0;0;0
wikipedia/00101210.xml;42;50;29;21;17;8;7;0;1;4;3;2;0;0;0;0;1;0;0;0;0;0;0;0;0;0;1
wikipedia/00101299.xml;13;15;4;5;2;1;0;0;0;0;1;0;0;0;0;0;0;0;0;0;0;0;0;0;0;0;0
urzędowe/00102163.xml;27;42;21;31;12;12;2;0;1;8;2;0;0;0;0;0;1;0;0;0;0;0;0;0;0;0;0
wikipedia/00101494.xml;2;12;2;1;1;0;1;1;0;2;0;0;0;0;0;0;1;0;0;0;0;0;0;0;0;0;0
urzędowe/00101916.xml;17;56;28;24;12;14;17;11;2;4;8;1;0;2;0;0;0;0;0;0;0;0;0;0;0;0;1
popularno_naukowe_i_podręczniki/00102154.xml;6;14;18;9;6;9;9;3;0;1;3;2;1;0;3;0;0;0;0;0;0;0;0;0;0;0;0
stenogramy/00101584.xml;23;46;33;25;24;18;14;7;10;2;21;1;0;3;2;0;0;1;0;0;1;0;0;0;0;0;0
wikipedia/00101490.xml;13;15;2;7;4;0;0;4;1;1;2;0;1;0;0;0;0;0;0;0;0;0;0;0;0;0;0
wikipedia/00101495.xml;19;22;16;14;7;3;0;1;1;0;1;0;1;0;0;0;0;0;0;0;0;0;0;0;0;0;0
wikipedia/00100536.xml;31;54;32;27;19;20;9;3;1;4;11;0;0;0;1;0;0;0;0;0;0;1;0;0;0;0;0
wikipedia/00101498.xml;7;6;1;0;4;0;0;0;0;0;1;0;0;0;1;0;0;0;0;0;0;0;0;0;0;0;0
kap/00102453.xml;14;30;23;10;12;6;6;2;3;4;6;0;0;1;0;0;0;0;0;0;0;0;0;0;0;0;0
ustawy/00102232.xml;71;56;20;30;6;7;9;2;0;0;7;1;0;0;0;0;7;0;0;0;0;0;0;0;0;0;0
urzędowe/00102165.xml;12;20;19;26;11;16;2;2;2;2;0;0;0;0;0;0;0;0;0;0;0;0;0;0;0;0;0
wikipedia/00100533.xml;22;47;58;31;18;12;12;6;4;1;13;0;1;2;0;0;0;0;0;1;0;0;0;0;0;0;1
blogi/00101768.xml;46;19;32;18;15;8;5;2;3;6;8;0;0;3;3;1;0;0;0;0;0;0;0;0;0;0;0
blogi/00101962.xml;21;28;32;13;9;5;2;4;4;3;7;0;0;0;3;0;0;0;0;0;1;0;0;0;0;0;0
kap/00102422.xml;21;33;18;13;12;9;16;6;7;2;6;0;4;0;0;0;1;0;0;0;0;0;0;0;0;0;0
dap/00101810.xml;29;48;32;24;13;9;9;5;1;12;8;0;1;0;0;0;1;0;0;0;0;1;0;0;0;0;0
ustawy/00101726.xml;37;45;28;41;15;17;9;6;5;1;1;2;0;0;0;0;0;0;0;0;0;0;0;0;0;0;0
wikipedia/00101470.xml;9;8;4;1;1;1;0;0;0;0;0;0;0;0;0;0;0;0;0;0;0;0;0;0;0;0;0
wikipedia/00101405.xml;4;7;10;2;2;1;0;1;0;1;1;0;0;0;0;0;0;0;1;0;0;0;0;0;0;0;0
kap/00102478.xml;4;3;0;2;0;0;1;0;0;0;1;0;0;0;0;0;0;0;0;0;0;0;0;0;0;0;0
urzędowe/00102569.xml;21;53;32;50;20;23;6;10;4;2;7;0;0;0;0;0;0;0;0;0;0;0;0;0;0;0;0
ustawy/00101722.xml;36;50;29;51;12;36;5;1;3;2;9;2;0;0;0;0;0;0;0;0;0;0;0;0;0;0;0
wikipedia/00101276.xml;2;11;1;1;1;0;0;0;0;2;1;0;0;0;0;0;0;0;0;0;0;0;0;0;0;0;0
proza_dawna/00102208.xml;29;72;38;17;11;8;11;5;2;4;5;1;2;1;1;0;0;1;0;0;0;1;0;1;0;0;0
dap/00101818.xml;27;20;18;16;13;9;5;5;1;8;3;1;1;0;2;0;0;0;0;0;0;0;0;0;0;0;0
proza_dawna/00100641.xml;30;38;44;46;15;11;8;3;6;4;17;0;0;2;2;0;0;1;0;0;0;0;0;0;0;0;0
wikipedia/00100534.xml;5;8;5;2;2;0;0;0;2;0;1;0;0;0;0;0;0;0;0;0;0;0;0;0;0;0;0
wikipedia/00100525.xml;18;10;5;10;3;0;0;2;0;0;1;0;0;0;0;0;0;0;0;0;0;0;0;0;0;0;0
proza_dawna/00102198.xml;28;42;31;12;7;12;7;8;6;6;3;1;0;4;2;0;0;0;0;1;0;0;1;0;0;0;0
dialog/00102679.xml;4;10;5;6;3;6;0;0;3;2;5;0;0;2;0;0;0;0;0;0;0;0;0;0;0;0;0
wikipedia/00101417.xml;6;4;0;0;2;0;0;1;0;0;0;0;0;0;0;0;0;0;0;0;0;0;0;0;0;0;0
wikipedia/00101333.xml;14;29;14;12;15;12;5;10;1;1;4;0;0;0;1;0;0;0;0;0;0;0;0;0;0;0;0
popularno_naukowe_i_podręczniki/00101905.xml;9;8;7;9;2;7;4;8;1;2;1;0;1;0;0;0;0;0;0;0;0;0;0;0;0;0;0
ustawy/00102212.xml;27;48;55;43;9;20;15;5;0;3;10;0;0;3;0;0;1;1;0;0;0;0;0;0;0;0;0
wikipedia/00101399.xml;24;10;5;12;2;2;4;4;0;0;0;1;0;0;0;0;0;0;0;0;0;0;0;0;0;0;0
kap/00102087.xml;6;10;9;9;3;2;0;0;0;1;4;0;0;0;0;0;0;0;0;0;0;0;0;0;0;0;0
wikipedia/00101451.xml;12;14;10;8;6;3;3;4;5;1;3;0;0;0;0;0;0;0;0;0;0;0;0;0;0;0;0
blogi/00100598.xml;11;34;22;8;11;4;10;1;1;3;9;1;1;0;1;0;0;0;0;0;1;0;0;0;0;0;0
stenogramy/00101660.xml;24;54;62;31;14;17;8;4;4;1;3;0;0;1;0;0;0;2;0;0;0;0;0;0;0;0;0
wikipedia/00101175.xml;33;47;36;26;12;9;22;22;7;1;2;0;2;3;0;0;0;0;0;0;0;0;0;0;0;0;0
wikipedia/00101501.xml;1;10;1;1;0;0;2;2;1;2;1;0;0;0;0;0;0;0;0;0;0;0;0;0;0;0;0
wikipedia/00101244.xml;11;9;8;8;2;2;3;5;5;1;1;0;1;0;0;0;0;0;0;0;0;0;0;0;0;0;0
popularno_naukowe_i_podręczniki/00101909.xml;8;10;8;5;9;1;1;3;0;2;1;0;0;0;0;0;0;0;0;0;0;0;0;0;0;0;0
dap/00101814.xml;34;24;9;16;6;5;4;2;2;1;1;3;1;0;1;0;0;0;0;0;0;0;0;0;0;0;0
kap/00102109.xml;5;16;11;8;10;6;0;0;1;9;5;0;1;0;2;0;0;0;0;0;0;0;0;0;0;0;0
proza_dawna/00102191.xml;21;52;53;31;20;19;4;11;2;7;7;1;0;1;0;0;0;1;0;1;0;0;0;0;0;1;2
blogi/00102255.xml;13;49;34;15;10;10;0;5;5;1;8;0;0;1;2;0;0;0;0;0;0;0;0;0;0;0;1
proza_dawna/00101614.xml;17;34;32;19;18;15;4;9;7;5;8;3;1;0;1;0;0;0;0;0;0;0;0;0;0;0;1
wikipedia/00101320.xml;34;85;50;27;35;16;9;8;5;14;11;0;1;0;2;0;0;0;0;0;1;0;0;0;0;0;0
wikipedia/00101194.xml;25;34;20;11;11;5;6;0;1;0;2;0;0;0;0;0;0;0;0;0;1;0;0;0;0;0;0
dap/00101712.xml;14;34;25;17;26;10;9;6;5;5;7;3;0;0;2;0;1;1;0;0;0;0;0;0;0;1;0
kap/00102116.xml;15;12;12;8;7;4;4;0;1;2;2;0;0;0;0;0;0;0;0;0;0;0;0;0;0;0;0
kap/00101860.xml;5;7;8;2;3;3;0;0;0;0;3;0;0;0;0;0;0;0;0;0;0;0;0;0;0;0;0
proza_dawna/00101576.xml;29;58;28;22;12;9;11;4;9;5;8;1;1;1;0;0;1;1;0;1;0;0;0;0;0;0;0
wikipedia/00101390.xml;5;16;9;2;18;4;6;6;2;2;6;2;0;0;0;0;0;0;0;0;1;0;0;0;0;0;0
kap/00102097.xml;11;10;5;6;3;6;0;0;2;0;0;0;0;0;1;0;0;0;0;0;0;0;0;0;0;0;0
urzędowe/00102553.xml;34;45;43;29;47;8;14;9;10;6;4;1;2;0;0;0;0;0;0;0;0;0;0;0;0;0;0
popularno_naukowe_i_podręczniki/00100635.xml;72;172;121;90;41;39;38;30;16;12;19;5;13;2;4;1;1;1;0;2;1;0;0;0;0;0;1
kap/00102480.xml;10;10;5;7;1;3;1;0;0;0;0;0;0;1;1;0;0;0;0;0;0;0;0;0;0;0;0
dap/00102038.xml;33;46;26;29;18;16;4;7;5;1;8;0;2;0;0;0;0;0;0;2;0;0;0;0;0;0;0
wikipedia/00101335.xml;3;13;3;2;1;0;1;0;2;2;0;0;4;0;0;0;1;0;0;0;0;0;0;0;0;0;0
ustawy/00102600.xml;40;87;38;25;14;18;6;5;2;6;9;0;0;0;0;0;0;3;0;0;0;0;0;0;0;0;0
kap/00101875.xml;22;28;22;13;13;10;11;0;7;3;1;3;0;0;0;0;3;0;0;0;0;1;0;0;0;0;0
kap/00102437.xml;11;22;17;11;9;3;7;5;4;0;6;1;0;0;1;0;0;0;0;0;0;0;0;0;0;0;0
wikipedia/00101347.xml;2;11;1;1;1;0;1;0;0;1;0;0;0;0;0;0;0;0;0;0;0;0;0;0;0;0;0
kap/00102076.xml;5;19;11;6;5;4;4;4;4;3;6;0;1;1;0;0;0;1;0;0;0;0;0;0;0;0;0
kap/00102078.xml;23;22;24;15;10;5;5;1;1;3;5;0;0;0;0;0;0;0;0;0;0;0;0;0;0;0;0
popularno_naukowe_i_podręczniki/00102513.xml;13;59;42;31;25;25;12;7;4;1;11;2;0;1;3;0;0;0;0;0;1;0;0;0;0;0;0
proza_dawna/00102186.xml;29;44;57;18;13;18;6;6;7;3;8;3;0;1;0;0;1;0;0;0;0;0;0;0;0;0;0
proza_dawna/00100638.xml;16;16;16;7;5;6;2;1;0;0;6;0;1;0;0;0;0;0;0;0;0;0;0;0;0;0;0
proza_dawna/00100639.xml;29;51;31;36;25;16;10;3;3;1;16;2;0;1;0;0;1;0;0;1;0;0;0;0;0;0;0
dap/00102046.xml;36;21;23;23;11;5;2;1;0;2;1;0;0;0;1;0;0;0;0;0;0;0;0;0;0;0;0
stenogramy/00101525.xml;38;55;53;33;16;18;9;3;9;0;10;1;1;8;1;0;0;0;0;0;0;0;0;0;0;0;0
wikipedia/00101448.xml;23;20;22;11;14;2;2;2;0;0;2;0;1;0;0;0;1;0;0;0;0;0;0;0;0;0;0
wikipedia/00101476.xml;3;8;3;1;1;0;1;0;0;1;0;0;0;0;0;0;0;0;0;0;0;0;0;0;0;0;0
wikipedia/00101275.xml;53;58;43;33;22;13;12;5;5;4;4;1;0;0;1;0;4;1;0;0;1;0;0;0;0;0;0
ustawy/00102606.xml;52;68;32;38;9;13;15;2;3;7;3;0;0;0;0;0;0;0;0;0;0;0;0;0;0;0;0
popularno_naukowe_i_podręczniki/00102525.xml;23;43;50;35;34;14;11;7;4;2;12;1;1;0;0;0;1;0;1;1;0;0;1;0;0;0;0
dap/00102358.xml;12;49;43;23;15;20;8;6;1;3;21;1;0;0;2;0;0;0;0;1;0;0;0;1;0;0;0
ustawy/00101935.xml;31;31;22;40;18;44;4;19;3;2;10;0;1;0;0;0;0;1;0;0;0;0;0;0;0;0;0
wikipedia/00101261.xml;4;30;12;30;16;4;5;8;4;4;10;1;0;0;3;0;0;0;0;0;0;0;0;0;0;0;0
wikipedia/00101485.xml;29;21;16;12;15;8;5;3;2;3;2;0;0;0;0;0;0;0;0;0;0;0;0;0;0;0;0
wikipedia/00101437.xml;49;17;2;14;0;4;4;0;1;0;0;3;0;0;0;0;0;0;0;0;0;0;0;0;0;0;0
kap/00102120.xml;22;24;17;7;11;5;5;1;1;7;3;0;2;0;0;0;0;0;0;0;0;0;0;0;0;0;0
wikipedia/00101385.xml;5;1;1;1;1;1;0;1;0;0;0;0;0;0;0;0;0;0;0;0;0;0;0;0;0;0;0
proza_dawna/00101519.xml;42;31;42;12;12;9;8;2;6;4;7;0;1;0;1;0;0;0;0;0;0;0;1;0;0;1;0
kap/00102471.xml;12;33;35;18;14;12;4;3;4;3;6;0;0;1;0;0;0;0;0;0;0;0;0;0;0;0;0
kap/00102427.xml;8;32;24;14;15;8;9;11;1;2;5;0;0;0;0;0;0;1;0;0;0;0;0;0;0;0;0
stenogramy/00101676.xml;28;48;37;39;21;25;4;2;7;3;14;0;0;1;0;0;0;1;0;0;0;0;0;0;0;0;0
proza_dawna/00102210.xml;12;37;36;21;8;13;17;6;7;3;10;1;1;5;1;0;0;0;0;1;0;0;0;0;0;1;0
techniczne/00101546.xml;81;38;23;30;19;12;6;5;3;3;6;7;1;2;0;2;0;0;0;0;0;0;0;0;0;0;0
kap/00102399.xml;0;6;5;6;2;1;2;2;0;0;1;0;0;0;1;0;0;0;0;0;0;0;0;0;0;0;0
ustawy/00101939.xml;27;53;48;37;9;29;11;3;0;19;12;1;0;0;0;0;1;3;0;0;0;0;0;0;0;0;0
blogi/00102249.xml;45;49;37;25;15;11;4;9;3;6;9;2;0;1;1;0;1;0;0;0;0;0;0;0;0;0;0
popularno_naukowe_i_podręczniki/00102148.xml;46;27;41;41;29;12;8;3;3;2;4;6;0;6;0;0;0;0;0;0;0;0;0;0;0;0;0
stenogramy/00101583.xml;13;68;55;28;15;20;8;12;7;4;15;0;1;2;0;0;0;0;0;0;0;0;0;0;0;0;0
blogi/00101763.xml;16;22;24;15;9;19;5;10;5;3;8;1;0;0;0;0;0;0;0;0;0;0;0;0;0;0;0
popularno_naukowe_i_podręczniki/00102130.xml;18;29;39;20;18;5;7;4;7;3;12;1;5;1;0;0;0;0;0;2;0;0;0;0;0;0;1
wikipedia/00101245.xml;14;11;20;9;2;9;2;3;0;0;3;0;0;4;0;0;1;0;0;0;0;0;0;0;0;0;0
stenogramy/00101666.xml;6;61;50;30;17;14;14;4;0;6;14;4;2;1;3;0;0;0;0;0;0;0;0;0;0;0;0
wikipedia/00101260.xml;5;18;11;13;12;9;6;15;2;1;2;1;1;0;0;0;0;0;0;1;0;0;0;0;0;0;0
proza_dawna/00101597.xml;28;35;32;21;12;29;7;2;3;1;11;0;2;0;1;0;0;0;0;1;0;0;0;0;0;0;0
wikipedia/00101220.xml;30;37;19;18;9;4;7;2;0;1;3;0;0;0;0;0;0;0;0;0;0;0;0;0;0;0;0
popularno_naukowe_i_podręczniki/00102529.xml;15;44;26;13;11;8;9;4;3;7;5;1;0;0;0;0;0;0;0;0;0;0;0;0;0;0;0
blogi/00102260.xml;24;47;28;25;11;22;8;10;3;2;11;2;0;0;0;0;1;1;0;0;0;0;0;0;0;0;0
stenogramy/00101651.xml;19;64;42;33;17;17;14;10;6;0;17;1;2;2;0;0;0;1;2;0;0;0;0;0;0;0;0
blogi/00100601.xml;48;126;97;68;27;35;25;5;7;5;35;2;1;5;3;0;0;0;0;0;0;0;0;0;0;1;0
popularno_naukowe_i_podręczniki/00102549.xml;16;26;17;20;6;11;5;3;0;7;6;0;0;0;0;0;0;0;0;0;0;0;0;0;0;0;0
dap/00102369.xml;15;18;24;11;10;8;5;5;10;7;4;4;0;0;0;0;0;1;0;0;0;0;0;0;0;0;1
proza_dawna/00101610.xml;22;59;42;17;19;9;8;7;8;0;9;3;2;0;1;0;0;0;0;1;0;0;0;1;0;0;0
dap/00101807.xml;10;12;11;6;7;6;5;3;0;1;6;0;0;2;0;0;0;0;0;0;0;0;0;0;0;0;0
wikipedia/00101235.xml;74;68;31;44;24;14;4;6;2;1;7;0;5;2;4;0;0;0;0;0;0;1;0;0;0;1;0
dap/00102391.xml;25;66;36;17;22;13;7;1;5;8;15;1;2;1;1;0;0;0;0;0;0;0;0;0;0;0;0
wikipedia/00100501.xml;3;12;4;2;2;2;1;2;0;1;2;0;0;0;0;0;0;0;0;0;0;0;0;0;0;0;0
wikipedia/00101381.xml;11;14;5;3;6;2;1;5;0;3;5;0;0;0;0;0;0;0;0;0;0;0;0;0;0;0;0
kap/00102501.xml;13;26;12;9;10;9;2;1;1;2;4;1;0;0;0;0;0;0;0;0;0;0;0;0;0;0;0
wikipedia/00101454.xml;19;17;21;11;9;5;0;0;6;0;1;0;1;0;0;0;1;0;0;0;0;0;0;0;0;0;0
blogi/00101749.xml;2;23;15;15;7;11;4;1;1;2;4;2;2;1;0;0;0;1;0;0;1;0;0;0;0;0;0
wikipedia/00101222.xml;26;9;11;13;5;1;2;3;5;1;1;0;1;0;0;0;0;0;0;0;0;0;0;0;0;0;0
blogi/00101979.xml;9;12;7;10;7;4;3;2;2;1;3;0;1;0;0;0;0;0;0;0;0;0;0;0;0;0;0
wikipedia/00101468.xml;13;7;3;6;2;3;0;4;2;0;1;0;2;2;0;0;0;0;0;0;0;0;0;0;0;0;0
dap/00102028.xml;18;58;41;26;20;15;14;3;3;3;4;1;0;0;1;0;0;0;0;0;0;0;0;0;0;0;0
blogi/00102274.xml;29;58;33;26;16;24;12;9;9;3;6;0;0;0;0;0;0;0;0;1;0;0;0;0;0;0;0
dap/00102026.xml;24;78;44;30;12;20;11;6;3;2;9;1;1;1;1;0;0;0;0;0;0;0;0;0;0;0;0
proza_dawna/00102192.xml;20;44;42;29;12;18;11;3;6;2;10;2;3;1;3;0;0;0;0;0;1;3;0;0;0;0;0
wikipedia/00101256.xml;16;30;18;15;9;3;11;1;0;2;5;0;0;0;0;0;0;0;0;0;1;0;0;0;0;0;0
dialog/00102672.xml;2;4;6;5;2;3;3;1;4;0;7;0;0;2;0;0;1;0;0;0;0;0;0;0;0;0;0
proza_dawna/00102180.xml;17;49;42;34;19;7;12;5;4;4;10;0;3;3;2;0;0;1;0;1;1;1;0;0;0;0;0
popularno_naukowe_i_podręczniki/00101886.xml;48;49;39;30;21;17;8;5;5;2;5;1;0;1;0;0;0;0;0;1;0;0;1;0;0;0;1
dialog/00102696.xml;5;19;19;10;7;6;0;0;0;1;7;0;0;2;0;0;0;0;0;1;0;0;0;0;0;0;0
ustawy/00102601.xml;48;43;47;40;15;22;15;6;2;9;5;2;0;0;0;0;0;0;0;0;0;0;0;0;0;0;0
ustawy/00101942.xml;24;34;21;33;39;25;5;3;0;0;7;0;0;0;0;0;0;0;0;0;0;0;0;0;0;0;0
ustawy/00101729.xml;25;53;30;16;8;23;8;9;1;6;9;1;0;0;0;0;0;1;0;0;0;0;0;0;0;0;1
blogi/00102259.xml;11;9;5;10;2;7;6;1;0;0;1;1;0;1;0;0;0;0;0;0;0;0;0;0;0;0;0
wikipedia/00101398.xml;1;13;2;1;1;0;1;0;1;2;0;0;0;0;0;0;1;0;0;0;0;0;0;0;0;0;0
popularno_naukowe_i_podręczniki/00100634.xml;16;47;26;14;11;8;9;4;3;7;5;1;0;0;0;0;0;0;0;0;0;0;0;0;0;0;0
blogi/00100599.xml;8;31;16;18;10;9;9;3;4;2;4;0;0;2;0;0;0;0;0;0;0;0;0;0;0;1;0
proza_dawna/00102196.xml;14;44;54;32;15;14;10;4;6;3;9;1;2;0;2;0;0;0;0;3;0;0;0;2;0;0;0
dap/00102356.xml;10;43;55;17;23;6;7;7;3;4;15;1;1;1;0;0;1;0;0;0;0;0;0;0;0;0;0
urzędowe/00102561.xml;20;21;35;31;21;8;9;3;2;2;2;0;0;1;0;0;0;0;0;0;0;0;0;0;0;0;0
wikipedia/00101313.xml;28;16;16;13;3;3;0;0;2;0;4;1;1;0;1;0;0;0;0;0;0;0;0;0;0;0;0
wikipedia/00101165.xml;42;57;40;36;15;12;7;4;1;5;11;4;0;3;3;0;0;1;0;0;0;0;0;0;0;0;0
stenogramy/00101582.xml;19;49;45;32;21;22;7;13;2;2;14;0;0;3;2;0;0;0;0;0;0;0;0;0;0;0;0
wikipedia/00101409.xml;18;36;34;16;14;3;6;5;3;7;7;0;1;0;0;0;0;0;1;0;0;0;0;0;0;0;0
kap/00102495.xml;13;32;13;10;8;6;3;4;0;0;4;0;0;1;1;0;0;0;0;0;0;0;0;0;0;0;0
kap/00102077.xml;21;20;13;11;15;9;8;2;4;0;7;0;0;0;0;0;0;0;0;0;0;0;0;0;0;0;0
wikipedia/00101324.xml;3;8;1;1;1;0;2;0;0;1;0;0;0;0;0;0;0;0;0;0;0;0;0;0;0;0;0
dap/00102050.xml;21;41;30;21;17;9;21;5;4;4;10;2;1;0;0;0;0;0;0;0;0;0;0;0;0;0;0
wikipedia/00101304.xml;10;10;11;2;3;2;1;1;1;0;1;0;0;0;0;0;0;0;0;0;0;0;0;0;0;0;0
dap/00102036.xml;19;32;21;24;8;15;5;9;1;5;4;0;3;0;1;0;0;0;0;0;0;0;0;0;0;0;1
dap/00101715.xml;27;27;24;19;18;6;12;4;4;3;7;2;2;0;0;0;1;0;0;1;0;0;0;0;0;0;0
urzędowe/00102562.xml;20;59;18;15;9;6;5;0;0;0;7;0;1;0;0;0;0;0;0;0;0;0;0;0;0;0;0
kap/00101856.xml;28;21;15;19;11;9;8;2;1;1;2;1;0;0;0;0;0;0;0;0;0;0;0;0;0;0;0
kap/00102490.xml;5;9;5;1;2;3;1;0;0;0;1;0;0;0;0;0;0;0;0;0;0;0;0;0;0;0;0
stenogramy/00101662.xml;19;74;46;39;17;25;15;8;1;6;6;1;2;0;2;0;2;0;0;0;0;0;0;0;0;0;0
wikipedia/00101434.xml;28;23;7;6;3;11;2;3;1;2;6;4;1;0;0;0;0;0;0;0;0;0;0;0;0;0;0
wikipedia/00101503.xml;32;24;8;7;5;6;1;3;1;0;2;0;0;0;0;0;0;0;0;0;1;0;0;0;0;0;0
wikipedia/00101452.xml;11;7;3;9;3;2;2;0;0;0;1;0;0;0;0;0;0;0;0;0;0;0;0;0;0;0;0
wikipedia/00101300.xml;4;1;1;2;0;1;0;0;0;1;0;1;0;0;0;0;0;0;0;0;0;0;0;0;0;0;0
kap/00102063.xml;29;31;26;20;15;5;11;7;3;0;4;0;1;0;0;0;0;0;0;0;0;0;0;0;0;0;0
urzędowe/00102159.xml;26;59;38;26;20;6;4;5;5;1;4;0;0;0;1;0;0;0;0;0;0;0;0;0;0;0;0
kap/00102058.xml;21;26;11;16;2;0;3;0;1;0;5;0;0;1;0;0;0;0;0;0;0;0;0;0;0;0;0
wikipedia/00101187.xml;32;53;34;39;20;22;5;22;2;1;10;1;0;0;1;0;0;0;0;1;0;0;0;0;0;0;0
popularno_naukowe_i_podręczniki/00101509.xml;11;38;39;40;20;18;7;1;3;11;3;0;0;0;2;0;0;0;0;0;0;0;0;0;0;1;0
proza_dawna/00101608.xml;13;66;20;26;13;12;11;4;3;2;13;1;1;2;1;0;2;0;0;0;0;0;0;0;0;0;0
kap/00101848.xml;7;11;4;14;1;9;3;2;3;0;1;0;0;1;1;0;0;0;0;0;0;0;0;0;0;0;0
wikipedia/00100518.xml;37;33;13;10;8;4;5;2;0;0;2;1;0;0;0;0;0;0;0;0;0;0;0;0;0;0;0
wikipedia/00101239.xml;29;10;13;8;3;8;4;5;0;0;1;1;1;0;0;0;0;0;0;0;0;0;0;0;0;0;0
proza_dawna/00102178.xml;25;62;48;25;14;8;15;3;0;2;11;1;3;0;2;0;0;0;0;0;0;1;0;0;0;0;0
proza_dawna/00101606.xml;13;48;48;13;23;16;10;11;6;1;5;4;0;5;3;0;1;0;0;0;0;0;0;0;0;0;0
kap/00102125.xml;19;12;8;7;8;0;5;0;2;5;0;0;0;0;1;0;0;0;0;0;0;0;0;0;0;0;0
popularno_naukowe_i_podręczniki/00102152.xml;1;7;3;10;3;1;2;1;0;1;4;1;0;0;4;0;0;0;0;0;0;0;0;0;0;0;0
wikipedia/00101440.xml;11;22;7;7;4;2;0;1;0;1;2;0;0;0;1;0;0;0;0;0;0;0;0;0;0;0;0
dap/00102363.xml;32;38;70;23;22;13;5;2;3;6;7;1;1;1;0;0;0;0;0;1;0;0;0;0;0;1;0
dialog/00102669.xml;2;4;9;5;4;3;1;2;0;1;5;0;0;2;0;0;0;0;0;0;0;0;0;0;0;0;0
wikipedia/00101228.xml;17;26;19;9;16;2;11;0;1;1;5;1;0;0;0;0;0;0;0;0;0;0;0;0;0;0;0
kap/00101878.xml;27;38;19;8;33;18;8;12;5;2;4;2;0;0;0;0;2;0;0;0;1;0;0;0;0;0;0
wikipedia/00100509.xml;15;15;15;8;6;6;1;0;0;0;2;1;0;0;0;0;0;0;0;0;0;0;0;0;0;0;0
wikipedia/00101484.xml;18;36;17;25;9;5;14;0;2;4;4;0;0;0;1;0;0;0;0;2;0;0;0;0;0;0;0
ustawy/00102223.xml;53;46;29;26;53;22;18;1;3;4;9;0;1;0;2;0;1;0;0;0;0;0;0;0;0;0;0
kap/00102121.xml;35;19;17;17;15;0;6;2;5;6;4;2;1;2;0;0;1;0;0;1;0;0;0;0;0;0;0
stenogramy/00101641.xml;21;55;26;31;16;35;25;11;12;1;2;0;0;0;2;0;0;0;0;0;0;0;0;0;0;0;1
dap/00102040.xml;27;28;30;16;7;9;6;5;7;2;12;2;0;1;3;1;0;0;0;0;0;0;0;0;0;0;0
wikipedia/00101272.xml;3;8;1;1;1;0;1;0;0;1;0;0;0;0;0;0;0;0;0;0;0;0;0;0;0;0;0
wikipedia/00101483.xml;11;19;4;8;3;3;1;4;2;0;3;0;2;0;0;0;0;0;0;0;0;0;0;0;0;0;0
ustawy/00102215.xml;30;40;25;58;28;9;18;7;1;10;2;1;1;1;1;0;0;0;0;0;0;0;0;0;0;0;0
wikipedia/00101349.xml;0;13;1;1;1;0;1;0;0;1;0;0;0;0;0;0;0;0;0;0;0;0;0;0;0;0;0
kap/00102073.xml;18;43;30;15;12;10;4;11;1;2;5;3;1;0;1;0;0;0;0;0;0;0;0;0;0;1;0
kap/00102054.xml;27;31;15;18;4;3;3;0;1;1;7;0;0;2;0;0;0;0;0;1;0;0;0;0;0;0;0
dialog/00102690.xml;3;7;22;7;8;10;3;0;5;0;7;0;0;2;0;0;0;0;0;0;1;0;0;0;0;0;0
ustawy/00102214.xml;25;81;39;35;18;20;8;4;0;1;8;0;1;0;0;0;0;0;0;0;0;0;0;0;0;0;0
kap/00102070.xml;10;25;15;12;7;11;3;5;0;0;1;0;0;2;0;0;1;0;0;0;0;0;0;0;0;1;0
wikipedia/00101419.xml;58;53;28;18;12;6;5;10;2;4;3;0;2;0;0;0;0;0;0;0;0;0;0;0;0;0;0
wikipedia/00101201.xml;7;4;11;4;1;2;1;0;0;0;1;0;0;0;0;0;0;0;0;0;0;0;0;0;0;0;0
wikipedia/00101325.xml;3;9;1;1;2;0;0;0;0;2;1;0;0;0;0;0;0;0;0;0;0;0;0;0;0;0;0
urzędowe/00101920.xml;12;38;39;27;4;6;13;2;2;4;1;0;0;0;0;0;0;0;0;0;0;0;0;0;0;0;0
kap/00102061.xml;11;43;26;19;15;6;4;8;2;0;4;1;0;2;0;0;0;1;0;0;0;0;0;0;0;0;0
proza_dawna/00101577.xml;23;52;43;24;12;12;11;15;10;3;6;5;2;2;1;1;0;0;0;1;0;0;0;0;0;0;0
wikipedia/00101269.xml;2;9;1;1;1;0;1;0;0;1;0;0;0;0;0;0;0;0;0;0;0;0;0;0;0;0;0
wikipedia/00101221.xml;0;11;3;1;1;0;0;0;0;2;1;0;0;0;0;0;0;0;0;0;0;0;0;0;0;0;0
dialog/00102711.xml;2;9;14;6;5;3;0;0;2;0;6;0;0;2;1;0;0;0;0;0;0;0;0;0;0;0;0
urzędowe/00102162.xml;26;29;17;27;11;15;11;0;1;4;1;0;0;0;0;0;1;0;0;0;0;0;0;0;0;0;0
stenogramy/00101646.xml;19;46;53;25;17;31;18;9;2;3;14;0;1;0;5;0;0;1;0;0;0;0;0;1;0;0;0
wikipedia/00101263.xml;47;64;27;19;20;15;17;11;5;4;7;1;1;0;0;0;0;0;0;1;1;0;0;1;0;0;0
wikipedia/00101255.xml;40;24;10;7;6;2;5;0;2;0;4;1;0;0;0;0;0;0;0;0;0;0;0;0;0;0;0
kap/00102128.xml;26;10;13;3;6;1;5;0;3;4;1;0;0;0;0;0;0;0;0;0;0;0;0;0;0;0;0
proza_dawna/00102183.xml;17;47;41;16;17;8;11;3;2;3;9;0;2;0;1;0;0;0;0;2;0;1;0;0;0;0;0
proza_dawna/00101566.xml;30;40;39;21;15;11;10;6;5;5;12;0;1;0;2;0;0;0;0;0;0;0;0;0;1;1;0
dap/00101786.xml;7;32;14;11;12;4;2;1;6;0;3;1;0;0;1;0;0;0;0;0;0;0;0;0;0;0;0
dap/00102378.xml;23;41;50;41;11;12;9;6;5;4;13;2;0;1;0;0;1;0;0;0;0;0;0;0;0;1;0
kap/00100628.xml;10;33;21;22;6;19;10;4;8;3;2;0;1;0;0;0;0;0;0;0;0;0;0;0;0;0;0
ustawy/00102237.xml;48;37;38;49;25;9;9;7;5;4;2;6;0;0;0;0;0;0;0;0;0;0;0;0;0;0;0
stenogramy/00101527.xml;21;50;36;32;18;19;10;4;5;1;17;0;0;2;1;0;0;0;0;0;0;0;0;0;0;0;1
kap/00102103.xml;22;23;10;15;7;5;1;2;3;0;3;2;1;0;0;0;1;0;0;0;0;0;0;0;0;1;0
kap/00102412.xml;7;20;9;14;12;6;9;3;0;1;2;0;0;0;0;0;0;0;0;0;0;0;0;0;0;0;0
wikipedia/00101493.xml;6;6;11;5;5;0;2;0;2;0;2;0;1;0;0;0;1;0;0;0;0;0;0;0;0;0;1
urzędowe/00102773.xml;44;30;31;37;22;20;12;17;7;7;5;0;0;1;0;0;0;0;0;0;0;0;0;0;0;0;0
dialog/00102668.xml;4;5;11;12;5;5;5;1;2;2;3;0;0;2;2;0;0;0;0;0;0;0;0;0;0;0;0
kap/00100624.xml;17;48;27;20;22;13;13;2;3;1;9;0;0;0;3;0;1;1;0;0;0;1;0;1;0;0;0
stenogramy/00101594.xml;31;52;35;46;26;21;19;14;4;5;8;0;1;1;2;0;0;0;0;0;0;0;0;0;0;0;0
wikipedia/00101213.xml;10;7;17;9;9;5;2;3;0;0;2;1;0;0;0;0;0;0;0;0;0;0;0;0;0;0;1
blogi/00100617.xml;21;50;45;23;12;13;7;2;3;6;10;2;0;0;0;0;0;0;0;1;0;0;0;0;0;0;0
kap/00102466.xml;38;26;17;12;3;2;4;2;1;1;1;0;0;0;2;0;0;0;0;0;0;0;0;0;0;1;0
wikipedia/00101392.xml;25;60;39;26;29;18;16;8;2;8;17;1;0;0;0;0;0;1;0;0;1;0;0;0;0;0;0
kap/00102449.xml;34;23;9;10;0;6;6;1;1;1;5;0;0;0;0;0;2;0;0;0;0;0;0;0;0;0;0
kap/00101835.xml;24;43;31;17;22;11;11;3;0;5;5;0;0;1;0;0;0;0;0;0;0;0;0;0;0;0;1
urzędowe/00102775.xml;49;48;22;43;15;10;11;8;5;1;4;0;0;0;0;0;2;0;0;0;0;0;0;0;0;0;0
techniczne/00101543.xml;46;28;15;4;8;5;4;6;0;8;11;1;3;0;1;0;1;0;0;0;0;0;0;0;0;0;0
wikipedia/00101181.xml;21;45;22;28;15;10;17;3;5;3;15;0;3;2;1;0;0;0;0;0;1;0;0;0;0;0;0
popularno_naukowe_i_podręczniki/00102527.xml;11;59;33;28;22;30;10;2;9;4;13;1;0;0;0;0;0;0;0;0;2;0;0;2;0;0;0
stenogramy/00101581.xml;18;55;45;49;21;24;7;9;3;3;12;2;2;3;1;0;0;0;0;0;0;0;0;0;0;1;0
stenogramy/00101675.xml;26;52;39;20;12;25;11;7;3;2;9;3;0;3;3;0;0;2;0;0;0;0;0;0;0;0;0
wikipedia/00101383.xml;15;64;53;41;32;21;9;6;1;4;8;2;1;0;1;0;1;1;0;0;0;0;0;0;0;0;0
kap/00102502.xml;10;32;23;20;15;6;11;3;2;9;3;2;0;0;0;0;0;0;0;0;0;0;0;0;0;0;0
proza_dawna/00101602.xml;14;57;41;21;22;11;9;5;2;4;7;3;3;0;1;0;2;0;1;0;0;0;0;0;0;0;0
kap/00100629.xml;15;10;5;6;2;2;1;2;0;1;1;0;0;0;0;0;0;1;0;0;0;0;0;0;0;0;0
blogi/00101961.xml;12;39;28;25;19;16;7;8;5;6;4;1;1;1;2;0;0;1;0;0;0;0;0;0;0;0;0
wikipedia/00101291.xml;23;38;18;5;18;4;9;1;2;1;5;2;0;0;1;0;0;0;0;0;0;0;0;0;0;0;0
dap/00101813.xml;16;12;13;8;14;8;4;1;1;2;6;1;0;0;0;0;0;0;0;0;0;0;0;1;0;0;0
wikipedia/00101346.xml;7;15;2;3;5;0;2;0;1;1;2;0;0;0;0;0;0;0;0;0;0;0;0;0;0;0;0
wikipedia/00100529.xml;36;39;34;35;8;7;10;10;3;6;6;2;1;0;0;0;0;0;0;0;0;0;0;0;0;0;0
popularno_naukowe_i_podręczniki/00102136.xml;29;34;26;19;13;14;13;4;1;3;3;1;0;2;0;0;0;0;0;0;0;0;0;0;0;0;0
kap/00102444.xml;13;12;22;10;5;5;1;0;0;0;4;0;1;0;0;0;0;0;0;0;0;0;0;0;0;0;0
popularno_naukowe_i_podręczniki/00100633.xml;50;109;59;54;44;21;18;17;4;6;21;1;2;2;1;0;0;3;0;1;1;1;0;0;1;0;0
wikipedia/00101411.xml;15;12;12;4;4;1;1;0;0;0;0;1;1;0;0;0;0;0;0;0;0;0;0;0;0;0;0
wikipedia/00101329.xml;10;15;15;6;5;4;3;0;3;0;3;0;0;0;0;0;0;0;0;0;0;0;0;0;0;0;0
dap/00101799.xml;52;66;77;33;27;13;25;6;10;3;7;3;2;0;0;0;1;0;0;0;0;0;0;0;0;2;0
kap/00101698.xml;17;13;13;15;1;4;3;1;0;0;1;0;0;5;0;0;0;0;0;0;0;0;0;0;0;0;0
blogi/00101784.xml;45;73;43;24;21;14;19;12;3;5;9;0;0;0;1;0;0;1;0;0;0;0;0;0;1;0;0
dap/00101716.xml;20;39;25;24;21;7;7;10;2;3;3;1;0;2;0;0;0;0;0;0;0;0;0;0;0;0;0
kap/00102463.xml;48;37;11;11;5;0;1;0;0;3;1;0;0;0;0;0;0;0;0;0;0;0;0;0;0;0;0
wikipedia/00101397.xml;0;5;3;7;3;1;2;2;0;0;0;0;0;0;0;0;0;0;0;0;0;0;0;0;0;0;0
stenogramy/00101657.xml;13;63;45;33;19;26;7;16;7;1;13;2;2;1;1;0;1;0;0;0;0;0;0;0;0;0;0
dap/00102053.xml;45;59;52;33;28;17;13;9;2;18;19;0;2;3;2;0;0;0;0;1;0;0;0;0;0;0;1
wikipedia/00101249.xml;22;16;10;7;15;3;1;1;1;1;2;0;0;0;1;0;1;0;0;0;0;0;0;0;0;0;0
blogi/00102278.xml;20;41;31;13;21;16;10;8;1;4;5;1;1;4;0;0;0;1;0;1;0;0;0;1;0;0;0
ustawy/00102219.xml;33;31;24;21;22;9;8;0;2;2;1;0;0;0;0;0;0;0;0;0;0;0;0;0;0;0;0
wikipedia/00101317.xml;1;2;0;2;0;2;1;0;1;2;0;1;0;1;0;0;0;0;0;0;0;0;0;0;0;0;0
kap/00102491.xml;4;11;10;8;3;3;1;0;0;0;0;0;0;0;0;0;0;0;0;0;0;0;0;0;0;0;0
dialog/00102716.xml;10;11;15;9;1;3;4;1;1;7;6;1;0;2;0;2;0;0;0;0;1;0;0;0;0;0;0
proza_dawna/00101516.xml;8;44;32;18;28;18;11;3;3;11;8;3;1;3;2;1;1;0;0;3;1;1;0;0;0;0;0
urzędowe/00102164.xml;21;15;20;15;13;12;5;5;0;0;0;1;0;0;0;0;1;0;0;0;0;0;0;0;0;0;0
wikipedia/00100530.xml;4;2;0;0;6;1;0;0;0;0;0;0;0;0;0;0;0;0;0;0;1;0;0;0;0;0;0
wikipedia/00101375.xml;8;19;10;8;8;2;0;0;1;0;0;1;0;0;0;0;0;0;0;0;0;0;0;0;0;0;0
blogi/00101769.xml;11;63;52;27;17;6;5;4;2;3;10;0;1;1;0;0;1;0;0;0;0;0;0;0;0;0;0
wikipedia/00100508.xml;6;4;2;1;1;0;0;0;0;0;0;0;1;0;0;0;0;0;0;0;0;0;0;0;0;0;0
wikipedia/00101328.xml;9;14;9;1;2;1;0;2;0;2;2;0;0;0;0;0;0;0;0;0;0;0;0;0;0;0;0
wikipedia/00101211.xml;1;5;1;6;0;0;1;0;0;0;0;0;0;1;0;0;0;0;0;0;0;0;0;0;0;0;0
kap/00102106.xml;29;8;21;4;3;0;16;0;0;1;0;0;0;0;0;0;0;0;0;0;0;0;0;0;0;0;0
kap/00102059.xml;29;20;15;19;1;0;3;1;1;0;3;0;0;1;0;0;0;0;0;0;0;0;0;0;0;0;0
blogi/00102008.xml;51;48;33;32;17;20;7;8;3;5;13;1;1;4;1;0;0;0;0;0;0;0;0;1;0;1;0
dap/00102360.xml;14;37;37;23;19;9;4;2;1;4;9;0;2;0;0;1;0;0;0;0;0;0;0;0;0;0;0
kap/00101868.xml;1;9;2;1;2;2;0;0;0;0;1;0;0;0;0;0;0;0;0;0;0;0;0;0;0;0;0
proza_dawna/00101557.xml;14;51;57;19;10;13;5;7;4;3;8;2;1;1;3;0;0;0;0;0;1;0;0;0;0;0;0
blogi/00100615.xml;2;9;4;4;1;1;1;0;0;1;1;0;0;0;0;0;0;0;0;0;0;0;0;0;0;0;0
blogi/00102264.xml;17;11;17;8;4;6;9;1;1;6;3;0;0;0;0;1;2;0;0;0;0;0;0;0;0;0;0
kap/00100630.xml;26;15;13;6;4;6;3;5;0;1;5;0;0;0;3;0;0;0;0;0;0;0;0;0;0;0;0
kap/00102510.xml;37;19;25;9;6;7;8;1;10;7;6;0;1;0;0;0;0;0;0;0;0;0;0;0;0;0;0
proza_dawna/00101605.xml;16;47;43;14;10;11;6;4;12;1;11;5;1;2;2;0;0;1;0;1;0;0;0;0;0;0;0
ustawy/00101721.xml;26;50;55;39;18;13;13;4;10;4;5;2;1;0;0;0;1;0;0;0;0;0;0;0;0;0;0
dap/00101809.xml;33;46;33;6;21;14;8;3;4;1;11;0;0;0;1;3;0;0;0;0;0;0;0;0;0;0;0
proza_dawna/00102188.xml;30;43;34;13;12;7;6;3;6;1;11;2;1;1;3;0;2;0;0;1;0;1;0;0;0;0;0
kap/00102100.xml;5;8;3;1;5;4;0;1;1;0;0;0;0;0;0;0;0;0;0;0;0;0;0;0;0;0;0
blogi/00101772.xml;5;15;12;4;3;3;4;2;1;1;2;0;0;1;0;0;0;0;0;0;0;2;0;0;0;0;0
urzędowe/00102559.xml;24;38;35;51;24;14;9;8;1;1;1;1;0;0;0;0;2;0;0;0;0;0;0;0;0;0;0
blogi/00102254.xml;9;16;23;15;7;4;10;1;1;1;3;0;1;0;0;0;0;0;2;0;0;0;0;0;0;0;0
wikipedia/00100499.xml;19;14;13;12;4;5;6;2;2;1;1;0;0;0;0;0;0;0;0;0;0;0;0;0;0;0;0
wikipedia/00100535.xml;12;1;3;2;2;0;0;0;0;0;1;0;0;0;0;0;0;0;0;0;0;0;0;0;0;0;0
urzędowe/00102557.xml;16;19;21;14;15;9;7;4;3;3;2;0;0;0;1;0;0;0;0;1;0;0;0;0;0;0;0
blogi/00101955.xml;3;5;2;2;3;0;0;0;0;0;0;0;0;0;0;0;0;0;0;0;0;0;0;0;0;0;0
wikipedia/00101292.xml;8;34;26;17;7;8;5;2;1;2;3;0;1;0;0;0;0;0;1;0;0;0;0;0;0;0;0
stenogramy/00101522.xml;19;31;54;35;27;14;27;1;2;6;29;1;0;2;3;0;0;0;0;6;0;0;0;0;0;0;0
urzędowe/00102567.xml;18;31;28;30;2;14;16;6;0;3;1;2;0;0;0;0;0;0;0;0;0;0;0;0;0;0;0
dap/00102017.xml;11;52;49;24;16;14;11;5;3;1;6;1;3;0;0;0;0;0;0;0;0;0;0;0;0;1;0
kap/00101847.xml;6;11;7;9;7;2;5;0;2;1;4;1;1;2;0;0;0;0;0;0;0;0;0;0;0;0;0
dap/00101815.xml;39;41;53;36;21;13;10;9;0;6;13;0;0;1;1;0;0;0;0;0;0;0;0;0;0;0;0
wikipedia/00101362.xml;38;78;34;47;24;11;13;15;2;7;9;5;0;0;0;0;0;0;0;1;0;0;0;0;0;0;0
stenogramy/00101654.xml;42;66;53;37;18;20;9;0;1;1;6;2;0;0;0;0;0;0;0;0;1;0;0;0;0;0;0
urzędowe/00101921.xml;30;43;17;31;12;14;3;4;2;1;5;0;0;0;1;0;1;0;0;0;0;0;0;0;0;0;0
ustawy/00101738.xml;91;53;26;32;7;9;10;0;0;0;4;0;0;0;0;0;0;0;0;0;0;0;0;0;0;0;0
wikipedia/00101229.xml;10;8;5;4;0;0;0;0;0;0;0;1;0;0;0;0;0;0;0;0;0;0;0;0;0;0;0
wikipedia/00101372.xml;16;57;29;34;16;17;9;11;3;1;6;0;4;1;1;0;0;0;0;0;0;0;0;0;0;0;0
dap/00101796.xml;12;26;14;16;7;2;6;5;1;3;2;1;0;0;0;0;0;0;0;0;0;0;0;0;0;0;0
popularno_naukowe_i_podręczniki/00101906.xml;38;49;45;47;7;14;4;2;5;6;9;1;0;0;1;0;0;0;0;0;0;0;0;0;0;0;0
dap/00101800.xml;18;27;29;9;12;1;5;2;0;1;4;0;0;0;0;0;1;0;0;0;0;0;0;0;0;0;0
ustawy/00101943.xml;56;60;23;43;16;17;4;7;4;0;3;0;0;0;0;0;0;0;0;0;0;0;0;0;0;0;0
proza_dawna/00102187.xml;17;57;43;34;16;7;16;7;5;6;10;3;0;0;0;0;0;0;1;0;0;0;0;0;0;0;0
wikipedia/00101358.xml;25;24;7;11;5;1;1;2;0;2;4;0;0;1;3;0;0;0;0;0;0;0;0;0;0;0;0
wikipedia/00101489.xml;18;12;6;8;1;4;6;1;2;4;1;0;0;0;0;0;0;0;0;0;0;0;0;0;0;0;0
kap/00102460.xml;10;7;4;1;2;4;0;0;0;0;0;1;0;0;0;0;0;0;0;0;0;0;0;0;0;1;0
blogi/00101755.xml;20;36;23;18;20;4;5;11;4;0;3;0;2;5;0;0;0;0;0;0;0;0;0;0;0;0;0
wikipedia/00101251.xml;3;7;6;1;1;1;0;0;0;0;0;0;0;0;0;0;0;0;0;0;0;0;0;0;0;0;0
wikipedia/00101209.xml;11;9;6;3;0;1;0;0;1;0;0;0;0;0;0;0;0;0;0;0;0;0;0;0;0;0;0
kap/00102505.xml;18;24;28;5;11;13;5;6;3;4;3;0;0;0;0;0;1;0;0;0;0;0;0;1;0;0;0
wikipedia/00101394.xml;17;28;19;15;11;1;3;0;4;0;4;2;0;0;4;0;0;0;0;0;0;0;0;0;0;0;0
wikipedia/00101266.xml;11;16;14;7;7;3;6;3;0;2;2;1;0;0;0;0;0;0;0;0;0;0;0;0;0;0;0
proza_dawna/00101572.xml;17;55;28;28;18;11;12;5;3;5;9;1;1;0;0;0;0;0;0;2;1;0;0;0;0;0;0
wikipedia/00101415.xml;23;43;17;33;10;8;11;12;7;1;3;0;3;0;1;0;0;0;0;0;0;0;0;0;0;0;0
dap/00100627.xml;44;64;48;22;19;18;10;3;6;1;4;0;0;0;0;1;0;1;0;0;0;0;0;0;0;0;0
dap/00102022.xml;26;34;41;22;19;10;13;5;3;10;5;0;0;4;2;0;3;0;0;0;0;0;0;0;0;0;0
wikipedia/00100504.xml;23;39;31;17;27;11;6;5;0;4;3;1;0;0;0;0;0;1;0;0;1;0;0;0;0;0;0
dap/00101787.xml;8;63;51;32;20;10;7;5;4;6;11;2;0;1;0;0;0;0;0;0;0;0;0;0;0;0;0
wikipedia/00101453.xml;0;14;6;0;2;0;0;0;0;0;0;0;0;0;0;0;0;0;0;0;1;0;0;0;0;0;0
dap/00102359.xml;14;59;47;22;15;14;7;6;5;4;14;18;1;0;0;0;1;0;0;0;0;0;0;1;0;0;0
wikipedia/00101450.xml;14;17;12;6;2;6;1;3;1;0;1;0;1;0;0;0;0;0;0;0;0;0;0;0;0;0;0
ustawy/00102226.xml;45;73;37;30;27;27;7;8;3;3;3;2;0;0;0;0;0;0;0;0;0;0;0;0;0;0;0
proza_dawna/00102202.xml;18;37;31;21;14;8;6;5;6;5;10;2;1;2;0;1;0;0;0;6;0;2;0;0;0;1;0
ustawy/00102604.xml;21;50;16;18;11;7;3;7;0;4;0;0;0;0;0;0;0;1;0;0;0;0;0;0;0;0;0
blogi/00102262.xml;30;55;38;26;11;19;12;3;13;4;10;0;2;0;1;0;1;0;1;1;0;0;0;0;0;0;0
wikipedia/00101252.xml;8;9;5;2;1;1;0;0;0;0;0;0;0;0;0;0;0;0;0;0;0;0;0;0;0;0;0
wikipedia/00101243.xml;6;29;14;6;5;11;2;3;1;1;3;0;0;0;0;0;0;0;0;0;0;0;0;0;0;0;0
popularno_naukowe_i_podręczniki/00102544.xml;8;9;15;6;8;4;4;5;1;2;1;0;0;0;0;0;0;0;0;0;0;0;0;0;0;0;0
blogi/00101741.xml;5;49;48;50;23;6;9;6;7;2;16;0;1;2;0;0;1;0;0;1;0;0;0;0;0;1;0
ustawy/00102607.xml;41;43;27;51;11;21;11;0;6;5;5;0;0;0;0;0;0;0;0;0;0;0;0;0;0;0;0
wikipedia/00101379.xml;3;5;4;1;1;0;1;0;0;0;0;0;0;0;0;0;0;0;0;0;0;0;0;0;0;0;0
proza_dawna/00102207.xml;41;48;35;29;15;4;4;1;6;0;8;1;0;6;1;0;0;0;0;1;0;0;0;0;0;0;0
popularno_naukowe_i_podręczniki/00101910.xml;13;17;23;16;39;6;6;1;0;0;8;0;2;0;1;0;0;0;0;0;1;0;0;0;0;0;0
proza_dawna/00101596.xml;37;36;28;24;11;17;14;9;3;3;12;2;2;2;2;1;0;0;0;1;0;0;0;0;0;0;0
proza_dawna/00101574.xml;29;55;32;24;15;9;6;2;3;0;14;0;2;2;1;0;1;0;0;0;0;0;0;0;0;0;0
kap/00102489.xml;20;27;26;8;13;5;5;3;1;2;3;0;0;0;0;0;0;0;0;0;0;0;0;0;0;0;0
wikipedia/00101423.xml;16;11;3;3;4;1;2;0;0;0;0;1;0;0;0;0;0;0;0;0;0;0;0;0;0;0;0
wikipedia/00100528.xml;7;8;0;0;3;0;0;1;0;0;0;0;0;0;0;0;0;0;0;0;0;0;0;0;0;0;0
dialog/00102699.xml;2;7;4;7;1;2;0;1;0;1;4;0;0;2;0;0;0;0;0;0;0;0;0;0;0;0;0
wikipedia/00101464.xml;21;27;16;11;21;8;5;2;3;4;3;0;0;0;0;0;0;1;0;0;0;0;0;0;0;0;0
proza_dawna/00101517.xml;32;40;43;18;12;14;2;6;7;2;15;1;3;2;3;0;1;0;0;1;0;0;0;0;0;0;0
dap/00100619.xml;52;64;35;24;16;16;14;8;2;1;7;0;2;0;1;0;0;0;0;0;0;0;0;0;0;0;0
wikipedia/00101402.xml;16;6;0;6;6;0;2;4;4;2;0;0;0;0;0;0;0;0;0;0;0;0;0;0;0;0;0
ustawy/00102230.xml;52;68;31;41;47;22;20;1;2;23;6;0;1;0;0;0;0;0;0;0;0;0;0;0;0;1;0
ustawy/00101941.xml;16;47;33;15;14;12;11;5;0;10;8;5;0;0;0;0;1;0;0;0;0;0;0;0;0;0;0
wikipedia/00101420.xml;3;10;4;1;3;1;0;4;1;1;2;1;0;0;0;0;0;0;0;0;0;0;0;0;0;0;0
dap/00101719.xml;27;76;25;26;14;15;19;13;3;4;8;2;2;0;0;0;0;0;0;0;0;1;0;0;0;0;0
proza_dawna/00101560.xml;16;45;35;19;16;11;14;4;5;5;12;2;3;2;1;0;0;0;0;1;1;0;0;0;0;0;0
wikipedia/00101355.xml;33;25;28;26;18;14;14;9;4;5;4;1;1;0;1;0;2;3;1;0;0;0;0;0;0;0;0
stenogramy/00101528.xml;16;56;38;35;13;19;14;3;3;1;3;0;0;3;0;0;0;0;0;0;0;0;0;0;0;0;0
wikipedia/00101200.xml;42;69;37;28;25;15;9;7;3;4;4;0;3;1;2;0;0;0;0;0;0;0;0;0;0;2;0
wikipedia/00101361.xml;15;28;16;16;11;5;2;1;0;0;1;5;0;1;0;0;1;0;0;0;0;0;0;0;0;0;0
wikipedia/00101214.xml;9;53;24;25;13;17;5;6;0;6;8;1;1;0;0;0;0;1;0;0;0;0;0;0;0;0;0
urzędowe/00101919.xml;14;26;34;20;11;10;7;11;0;2;7;1;0;0;1;0;0;0;0;0;0;0;0;0;0;0;0
wikipedia/00101465.xml;25;27;26;12;7;5;4;1;1;3;3;0;2;0;0;0;0;0;0;0;0;0;0;0;0;0;0
wikipedia/00101298.xml;28;13;21;13;3;4;2;3;0;0;2;0;0;4;0;0;0;0;0;0;0;0;0;0;0;0;0
urzędowe/00101913.xml;18;35;33;47;16;16;8;5;3;1;5;0;0;1;0;0;0;0;0;0;0;0;0;0;0;0;0
ustawy/00102602.xml;44;49;31;23;17;8;10;4;9;2;1;0;0;0;0;0;0;0;0;0;0;0;0;0;0;0;0
wikipedia/00101408.xml;6;2;2;5;0;1;4;1;1;0;0;0;1;0;0;0;0;0;0;0;0;0;0;0;0;0;0
kap/00102102.xml;5;17;22;13;7;4;9;1;0;0;5;0;0;0;0;0;0;0;0;0;0;0;0;0;0;0;0
stenogramy/00101672.xml;24;56;52;41;26;29;5;10;4;3;13;2;0;1;0;0;2;0;0;0;0;0;0;0;0;0;0
ustawy/00102220.xml;31;57;34;49;28;5;4;6;1;6;13;0;0;0;5;0;2;1;0;0;0;0;0;0;0;0;0
wikipedia/00100527.xml;22;10;5;7;12;3;0;1;0;1;0;0;0;0;0;0;0;0;0;0;0;0;0;0;0;0;0
kap/00101869.xml;9;18;6;18;5;1;7;5;2;1;1;0;0;0;0;0;0;0;1;0;0;0;0;0;0;0;0
stenogramy/00101639.xml;26;48;35;44;21;16;10;6;6;1;7;1;1;1;0;0;0;1;1;1;0;2;0;0;0;0;0
wikipedia/00100538.xml;33;42;30;22;8;9;10;3;0;2;5;0;0;0;0;0;0;0;0;0;0;0;0;0;0;1;0
wikipedia/00101445.xml;31;28;11;19;3;6;9;3;1;2;2;1;0;1;0;0;1;0;0;0;0;0;0;0;0;0;0
wikipedia/00101431.xml;19;61;18;22;23;9;10;6;8;3;15;3;1;2;0;0;0;1;0;0;5;0;0;0;0;0;0
kap/00101871.xml;13;23;9;10;6;4;2;3;1;3;3;1;0;0;0;0;0;0;0;0;0;0;0;0;0;0;0
wikipedia/00101279.xml;16;10;6;0;0;0;1;0;0;0;1;0;0;0;0;0;0;0;0;0;0;0;0;0;0;0;0
kap/00102071.xml;22;27;16;13;11;4;10;6;4;3;9;2;0;0;0;0;0;0;0;0;0;0;0;0;0;0;0
wikipedia/00101334.xml;10;9;20;10;2;3;3;1;2;0;3;0;0;0;0;0;0;2;0;0;0;0;0;0;0;0;0
wikipedia/00100542.xml;2;11;1;1;1;0;0;0;0;2;1;0;0;0;0;0;0;0;0;0;0;0;0;0;0;0;0
kap/00102407.xml;1;11;7;6;3;1;3;1;1;1;0;0;0;0;0;0;0;0;0;0;0;0;0;0;0;0;0
wikipedia/00101363.xml;12;34;8;11;7;4;2;1;3;3;4;0;0;0;1;0;0;0;0;0;0;0;0;0;0;0;0
wikipedia/00101262.xml;9;7;2;2;2;2;0;1;0;1;0;0;0;0;0;0;0;0;0;0;0;0;0;0;0;0;0
dialog/00102710.xml;5;1;8;5;4;2;0;0;1;0;4;0;0;2;1;0;0;0;0;0;0;0;0;0;0;0;0
urzędowe/00102558.xml;28;40;16;23;12;5;13;2;2;0;3;0;0;0;0;0;2;0;0;0;0;0;0;0;0;0;0
wikipedia/00101418.xml;9;6;4;0;2;2;1;1;1;0;0;0;0;0;0;0;0;0;0;0;0;0;0;0;0;0;0
wikipedia/00101309.xml;51;100;46;20;10;17;12;4;3;8;6;0;0;0;0;0;0;0;0;0;1;2;0;0;0;0;0
urzędowe/00102161.xml;17;52;24;34;17;13;1;10;5;6;12;0;1;0;0;1;1;0;0;0;2;0;1;1;0;0;0
stenogramy/00101668.xml;20;61;45;44;22;19;9;6;2;11;17;0;1;0;8;0;0;0;0;0;0;0;0;0;0;0;1
wikipedia/00101205.xml;10;14;13;8;6;9;1;0;0;1;3;0;0;1;0;0;0;0;0;0;0;0;0;0;0;0;0
dap/00102380.xml;64;42;25;16;5;4;4;2;4;3;3;0;2;0;2;0;1;0;0;0;1;0;0;0;0;0;0
ustawy/00101734.xml;63;51;17;19;21;16;10;3;3;3;4;3;0;0;0;0;1;0;0;0;0;0;0;0;0;0;0
popularno_naukowe_i_podręczniki/00102133.xml;29;54;35;38;10;15;10;6;1;3;12;1;0;0;1;0;1;1;0;0;0;0;0;0;0;0;0
wikipedia/00101192.xml;7;12;10;6;2;4;0;1;1;0;0;0;1;0;0;0;0;0;0;0;0;0;0;0;0;0;1
ustawy/00102211.xml;27;36;20;35;19;9;19;20;6;1;18;2;5;0;1;0;0;0;0;0;0;0;0;0;0;0;0
kap/00102069.xml;19;31;12;12;12;13;9;2;4;0;4;0;0;2;1;0;0;0;0;1;0;0;0;0;0;0;0
ustawy/00102243.xml;59;36;24;15;7;4;17;2;0;1;3;0;1;0;0;0;1;0;0;0;0;0;0;0;0;0;0
wikipedia/00101384.xml;37;43;22;26;8;1;11;4;1;1;5;1;1;0;4;0;0;0;0;0;0;0;0;0;0;0;0
dap/00102385.xml;61;60;28;24;13;5;16;4;1;0;11;0;2;0;0;0;0;0;0;0;0;0;0;0;0;0;0
blogi/00101764.xml;34;68;42;24;14;13;9;9;3;7;14;2;1;0;4;0;1;0;0;0;0;1;0;0;0;0;0
blogi/00102305.xml;33;37;33;18;21;9;5;4;2;2;17;1;2;4;1;0;0;1;0;1;0;0;0;0;0;0;1
dap/00102045.xml;19;12;5;5;0;1;2;1;0;0;0;0;0;0;0;0;0;0;0;0;0;0;0;0;0;0;0
wikipedia/00101425.xml;15;11;20;9;2;9;2;3;0;0;3;0;0;4;0;0;1;0;0;0;0;0;0;0;0;0;0
dap/00102016.xml;9;59;43;32;15;7;10;4;4;6;10;2;0;1;0;0;0;0;0;1;0;0;0;0;0;0;0
techniczne/00101535.xml;49;102;73;74;39;17;27;11;13;7;23;3;1;4;2;0;1;0;0;1;0;0;0;0;0;0;0
kap/00101853.xml;12;16;21;16;3;7;0;3;1;0;5;0;0;0;0;0;0;0;0;0;1;0;0;0;0;0;0
kap/00102398.xml;35;54;25;17;7;8;11;4;1;6;13;2;1;0;0;0;0;0;0;1;0;0;0;0;0;0;0
wikipedia/00101360.xml;49;62;41;30;15;17;6;7;5;1;8;1;1;0;0;0;0;0;0;0;0;0;0;0;0;0;0
wikipedia/00101321.xml;6;9;5;1;3;2;1;2;0;1;1;1;0;0;0;0;0;0;0;0;0;0;0;0;0;0;0
wikipedia/00101315.xml;7;1;2;2;1;1;0;0;0;0;0;0;0;0;0;0;0;0;0;0;0;0;0;0;0;0;0
wikipedia/00101482.xml;46;63;46;19;12;18;17;11;3;0;5;0;1;0;0;0;1;0;0;0;0;0;0;0;0;0;0
kap/00102056.xml;20;40;27;28;6;7;4;10;2;3;7;0;0;0;0;0;0;0;0;0;0;0;0;0;0;0;0
popularno_naukowe_i_podręczniki/00102537.xml;40;59;39;21;14;12;17;5;1;2;10;0;0;0;0;0;1;0;0;0;0;0;0;0;0;0;1
proza_dawna/00102206.xml;14;58;44;25;18;6;5;6;4;3;7;3;1;1;1;0;0;0;0;1;0;1;0;0;0;0;1
kap/00102127.xml;28;29;22;12;14;9;7;5;5;6;5;0;0;0;1;0;0;0;0;0;0;0;0;0;0;0;0
wikipedia/00101353.xml;53;93;54;37;19;18;20;7;6;2;7;5;1;1;2;0;0;0;0;0;0;0;0;0;0;0;0
popularno_naukowe_i_podręczniki/00102534.xml;19;22;15;5;6;5;2;2;2;2;5;4;0;0;1;0;0;0;0;1;0;0;0;0;0;0;0
dialog/00102667.xml;3;2;5;2;1;3;1;0;0;0;2;0;0;2;0;0;0;0;0;1;0;0;0;0;0;0;0
wikipedia/00101232.xml;24;57;36;33;23;13;13;4;5;3;5;0;2;1;2;0;0;0;0;1;0;0;0;0;0;0;0
dap/00102376.xml;17;38;21;21;20;9;4;2;4;2;11;0;0;0;0;0;0;0;0;0;0;0;0;0;0;0;0
proza_dawna/00101607.xml;16;54;48;30;17;15;8;9;8;5;6;0;1;0;3;0;0;0;0;0;0;1;1;0;1;0;0
wikipedia/00101429.xml;3;4;3;3;0;3;1;0;1;0;0;0;0;0;0;0;0;1;0;0;0;0;0;0;0;0;0
blogi/00100609.xml;0;12;6;9;4;8;3;1;0;0;1;1;0;0;0;0;0;0;0;0;0;0;0;0;0;0;0
dap/00102393.xml;33;56;18;11;18;17;20;8;9;2;6;15;1;0;0;0;0;0;0;0;0;0;0;0;0;0;0
proza_dawna/00101601.xml;11;46;51;27;16;9;5;10;37;3;11;0;0;2;1;0;0;0;0;1;0;1;0;0;0;0;0
wikipedia/00100522.xml;28;24;7;7;4;1;2;2;3;0;0;0;0;0;0;0;0;0;0;0;0;0;0;0;0;0;0
kap/00102417.xml;18;13;16;6;4;2;1;3;2;1;2;0;0;0;0;0;1;1;0;0;0;0;0;0;0;0;0
wikipedia/00100507.xml;10;16;5;10;3;3;2;0;1;3;4;0;0;0;0;0;0;0;0;0;0;0;0;0;0;0;0
ustawy/00102241.xml;82;46;37;17;13;10;12;0;2;1;3;0;0;0;0;0;0;0;0;0;0;0;0;0;0;0;0
ustawy/00102235.xml;10;16;2;8;3;1;6;1;0;0;3;0;0;0;0;0;1;0;0;0;0;0;0;0;0;0;0
dap/00102396.xml;55;34;36;16;22;7;11;6;6;14;12;1;1;1;2;0;0;0;0;1;0;0;0;0;0;0;0
kap/00102401.xml;8;8;5;4;3;5;5;3;0;2;1;0;1;0;1;0;0;0;0;0;0;0;0;0;0;0;0
blogi/00101956.xml;14;35;24;17;4;5;13;4;0;2;6;1;0;2;0;0;0;0;0;0;0;0;0;0;0;0;2
wikipedia/00101406.xml;27;49;17;11;7;9;1;1;2;1;3;1;0;0;2;0;0;0;0;0;1;0;1;0;0;0;0
popularno_naukowe_i_podręczniki/00101888.xml;24;62;31;25;10;9;16;18;4;5;9;1;10;1;2;0;0;0;0;1;1;0;0;0;0;0;0
stenogramy/00101590.xml;35;55;37;31;10;12;12;3;2;3;10;2;0;0;2;0;0;0;0;0;0;0;0;0;0;0;1
proza_dawna/00100636.xml;23;70;40;28;4;8;9;3;3;2;21;2;1;1;0;0;0;0;0;6;0;0;0;0;0;0;0
stenogramy/00101640.xml;26;67;40;46;18;23;7;11;3;2;8;3;2;2;2;0;0;0;0;0;0;0;0;0;0;0;0
kap/00102435.xml;13;29;16;12;4;4;6;3;1;0;4;0;0;0;0;0;0;0;0;0;0;0;0;0;0;0;1
techniczne/00101539.xml;58;46;65;39;27;2;13;3;1;8;12;0;2;1;1;0;0;0;0;1;0;0;0;0;0;0;0
wikipedia/00101227.xml;24;23;19;21;6;6;6;2;1;0;1;1;0;0;0;0;0;0;0;0;0;0;0;0;0;0;0
wikipedia/00101163.xml;0;12;1;1;3;0;1;0;0;1;0;0;0;0;0;0;0;0;0;0;0;0;0;0;0;0;0
wikipedia/00100516.xml;1;1;2;5;4;0;3;0;0;0;0;0;0;0;0;0;0;0;0;0;1;0;0;0;0;0;0
proza_dawna/00102190.xml;21;49;37;12;12;11;9;3;7;1;14;0;1;0;4;0;0;0;0;0;0;0;0;0;0;0;1
kap/00102506.xml;50;26;33;13;24;12;8;4;3;10;6;0;1;0;0;0;0;0;0;0;2;0;0;0;0;0;0
techniczne/00101547.xml;69;55;29;28;12;24;14;27;2;1;9;3;5;1;0;0;0;0;0;1;0;0;0;0;0;0;0
kap/00102119.xml;23;6;16;8;8;6;5;3;6;6;4;1;1;0;0;0;0;0;0;0;0;0;0;0;0;0;0
ustawy/00102222.xml;29;89;44;29;33;24;11;3;4;2;5;1;0;0;0;0;0;0;0;0;0;0;0;0;0;1;0
wikipedia/00100506.xml;3;7;10;4;2;1;2;0;0;0;1;0;0;0;0;0;0;0;0;0;0;0;0;0;0;0;0
ustawy/00101723.xml;36;67;46;31;22;24;1;8;2;2;11;1;0;0;0;0;1;0;0;0;0;0;0;0;0;0;0
wikipedia/00101467.xml;5;7;6;3;3;1;1;0;0;0;0;0;0;0;0;0;0;0;0;0;0;0;0;0;0;0;0
wikipedia/00101253.xml;34;37;27;18;19;6;6;5;2;4;4;3;0;0;0;0;0;0;0;0;0;0;0;0;0;0;1
blogi/00101758.xml;28;82;36;25;14;16;7;10;7;7;10;0;2;0;1;0;0;0;0;0;0;0;0;0;0;0;0
ustawy/00102603.xml;41;82;30;31;34;9;8;0;8;5;8;5;1;0;0;0;0;0;0;0;0;0;0;0;0;0;0
wikipedia/00101169.xml;30;28;24;19;8;4;5;11;0;2;3;3;2;0;0;0;0;0;0;0;0;0;0;0;0;0;0
kap/00102074.xml;11;9;4;2;3;2;2;2;4;0;4;0;0;0;0;0;0;0;0;0;0;0;0;0;0;0;0
kap/00102095.xml;8;16;12;4;2;1;4;3;2;0;0;0;0;1;0;1;0;0;0;0;0;0;0;0;0;0;0
kap/00102512.xml;30;25;15;9;15;5;8;1;4;5;0;0;0;0;0;0;0;0;0;0;0;0;0;0;0;0;0
popularno_naukowe_i_podręczniki/00101511.xml;62;42;17;25;35;9;9;25;5;2;8;0;0;0;1;0;0;0;0;0;0;0;0;0;0;0;0
wikipedia/00101331.xml;43;58;52;46;21;21;13;10;6;6;2;3;1;1;1;0;0;0;0;0;0;0;0;0;0;0;1
dap/00102021.xml;5;24;11;12;13;6;1;1;3;1;5;2;0;0;0;0;0;0;0;0;0;0;0;0;0;0;0
wikipedia/00101197.xml;7;11;7;7;6;2;1;0;0;3;0;0;0;1;0;0;1;0;0;0;0;0;0;0;0;0;0
blogi/00101970.xml;6;26;30;17;14;11;5;3;2;1;3;0;0;0;1;0;0;0;0;0;0;0;0;0;0;0;0
blogi/00102270.xml;16;42;35;12;13;4;6;3;4;1;4;1;2;0;0;0;0;0;0;0;0;0;0;0;0;0;1
ustawy/00102236.xml;66;51;23;34;25;9;5;2;10;1;2;0;0;0;0;0;0;0;0;0;0;0;0;0;0;0;0
stenogramy/00101585.xml;30;84;48;54;16;17;15;3;3;1;19;3;1;1;3;0;0;0;1;0;1;0;0;0;0;0;0
ustawy/00102225.xml;13;58;47;13;11;13;23;1;15;4;0;0;0;0;0;0;0;0;0;0;0;0;0;0;0;0;0
wikipedia/00101173.xml;9;9;4;4;2;0;0;1;3;0;2;0;0;0;0;0;0;0;0;0;0;0;0;0;0;0;0
ustawy/00102221.xml;38;78;39;31;17;21;6;4;2;0;4;0;0;0;1;0;1;0;0;0;0;0;0;0;0;0;0
urzędowe/00102156.xml;54;40;22;35;6;11;7;2;4;5;2;1;0;0;0;0;1;0;0;0;1;0;0;0;0;0;0
